<?xml version="1.0" encoding="UTF-8"?>
<kml xmlns="http://www.opengis.net/kml/2.2"><Document><name>SECTOR_4</name><description>Converted from SECTOR_4.shp by scripts/geo/shp_to_kml.py. Owner names left out.</description><Folder><name>zones</name><Placemark><name>SECTOR-4</name><ExtendedData><Data name="zone_cd"><value>SECTOR-4</value></Data><Data name="zone_name"><value>Sector 4</value></Data><Data name="zone_name_hi"><value>सेक्टर 4</value></Data></ExtendedData><Polygon><outerBoundaryIs><LinearRing><coordinates>80.9453090,26.9305995 80.9420098,26.9313011 80.9420165,26.9313773 80.9420215,26.9314328 80.9420569,26.9318233 80.9421579,26.9329413 80.9422519,26.9339799 80.9465477,26.9335920 80.9466898,26.9335731 80.9467837,26.9335466 80.9453090,26.9305995</coordinates></LinearRing></outerBoundaryIs></Polygon></Placemark></Folder><Folder><name>parcels</name><Placemark><name>4/285</name><ExtendedData><Data name="plot_no"><value>4/285</value></Data><Data name="count"><value>COUNT</value></Data><Data name="land_use"><value>RESIDENTIAL PLOT</value></Data><Data name="registration_no"><value>2319435</value></Data><Data name="pro_status"><value>R</value></Data><Data name="pro_no"><value>4/285</value></Data><Data name="plot_type"><value>B TYPE PLOT</value></Data><Data name="sanctioned_area_sqm"><value>288</value></Data><Data name="area_sqm"><value>460.56</value></Data><Data name="sector"><value>SECTOR 4</value></Data><Data name="tenure"><value>REGISTERED</value></Data></ExtendedData><Polygon><outerBoundaryIs><LinearRing><coordinates>80.9446901,26.9313943 80.9446933,26.9313923 80.9447879,26.9313273 80.9446083,26.9311808 80.9446080,26.9311810 80.9444847,26.9312562 80.9444833,26.9312566 80.9445964,26.9314505 80.9446901,26.9313943</coordinates></LinearRing></outerBoundaryIs></Polygon></Placemark><Placemark><name>4/286</name><ExtendedData><Data name="plot_no"><value>4/286</value></Data><Data name="count"><value>COUNT</value></Data><Data name="land_use"><value>RESIDENTIAL PLOT</value></Data><Data name="registration_no"><value>2222123</value></Data><Data name="pro_status"><value>R</value></Data><Data name="pro_no"><value>4/286</value></Data><Data name="plot_type"><value>C TYPE PLOT</value></Data><Data name="sanctioned_area_sqm"><value>162</value></Data><Data name="area_sqm"><value>231.82</value></Data><Data name="sector"><value>SECTOR 4</value></Data><Data name="tenure"><value>REGISTERED</value></Data></ExtendedData><Polygon><outerBoundaryIs><LinearRing><coordinates>80.9446592,26.9316019 80.9447767,26.9315331 80.9446901,26.9313943 80.9445964,26.9314505 80.9445961,26.9314507 80.9445890,26.9314534 80.9446544,26.9316043 80.9446592,26.9316019</coordinates></LinearRing></outerBoundaryIs></Polygon></Placemark><Placemark><name>4/282</name><ExtendedData><Data name="plot_no"><value>4/282</value></Data><Data name="count"><value>COUNT</value></Data><Data name="land_use"><value>RESIDENTIAL PLOT</value></Data><Data name="registration_no"><value>2376210</value></Data><Data name="pro_status"><value>R</value></Data><Data name="pro_no"><value>4/282</value></Data><Data name="plot_type"><value>B TYPE PLOT</value></Data><Data name="sanctioned_area_sqm"><value>288</value></Data><Data name="area_sqm"><value>281.3</value></Data><Data name="sector"><value>SECTOR 4</value></Data><Data name="tenure"><value>REGISTERED</value></Data></ExtendedData><Polygon><outerBoundaryIs><LinearRing><coordinates>80.9443283,26.9315062 80.9443935,26.9314984 80.9443731,26.9312908 80.9443696,26.9312918 80.9442499,26.9313010 80.9442747,26.9315125 80.9443283,26.9315062</coordinates></LinearRing></outerBoundaryIs></Polygon></Placemark><Placemark><name>4/281</name><ExtendedData><Data name="plot_no"><value>4/281</value></Data><Data name="count"><value>COUNT</value></Data><Data name="land_use"><value>RESIDENTIAL PLOT</value></Data><Data name="registration_no"><value>63652</value></Data><Data name="pro_status"><value>A</value></Data><Data name="pro_no"><value>4/281</value></Data><Data name="plot_type"><value>B TYPE PLOT</value></Data><Data name="sanctioned_area_sqm"><value>288</value></Data><Data name="area_sqm"><value>334.34</value></Data><Data name="sector"><value>SECTOR 4</value></Data><Data name="tenure"><value>ALLOTTED</value></Data></ExtendedData><Polygon><outerBoundaryIs><LinearRing><coordinates>80.9442385,26.9315168 80.9442747,26.9315125 80.9442499,26.9313010 80.9441092,26.9313119 80.9441204,26.9314066 80.9441295,26.9314830 80.9441350,26.9315291 80.9442385,26.9315168</coordinates></LinearRing></outerBoundaryIs></Polygon></Placemark><Placemark><name>4/11</name><ExtendedData><Data name="plot_no"><value>4/11</value></Data><Data name="count"><value>COUNT</value></Data><Data name="land_use"><value>RESIDENTIAL PLOT</value></Data><Data name="registration_no"><value>2364175</value></Data><Data name="pro_status"><value>R</value></Data><Data name="pro_no"><value>4/11</value></Data><Data name="plot_type"><value>B TYPE PLOT</value></Data><Data name="sanctioned_area_sqm"><value>288</value></Data><Data name="area_sqm"><value>286.08</value></Data><Data name="sector"><value>SECTOR 4</value></Data><Data name="tenure"><value>REGISTERED</value></Data></ExtendedData><Polygon><outerBoundaryIs><LinearRing><coordinates>80.9434462,26.9315483 80.9435231,26.9315456 80.9435075,26.9313313 80.9433865,26.9313345 80.9434023,26.9315498 80.9434462,26.9315483</coordinates></LinearRing></outerBoundaryIs></Polygon></Placemark><Placemark><name>4/10</name><ExtendedData><Data name="plot_no"><value>4/10</value></Data><Data name="count"><value>COUNT</value></Data><Data name="land_use"><value>RESIDENTIAL PLOT</value></Data><Data name="registration_no"><value>2425247</value></Data><Data name="pro_status"><value>R</value></Data><Data name="pro_no"><value>4/10</value></Data><Data name="plot_type"><value>B TYPE PLOT</value></Data><Data name="sanctioned_area_sqm"><value>288</value></Data><Data name="area_sqm"><value>282.96</value></Data><Data name="sector"><value>SECTOR 4</value></Data><Data name="tenure"><value>REGISTERED</value></Data></ExtendedData><Polygon><outerBoundaryIs><LinearRing><coordinates>80.9433556,26.9315514 80.9434023,26.9315498 80.9433865,26.9313345 80.9432659,26.9313377 80.9432849,26.9315538 80.9433556,26.9315514</coordinates></LinearRing></outerBoundaryIs></Polygon></Placemark><Placemark><name>4/8</name><ExtendedData><Data name="plot_no"><value>4/8</value></Data><Data name="count"><value>COUNT</value></Data><Data name="land_use"><value>RESIDENTIAL PLOT</value></Data><Data name="registration_no"><value>2133007</value></Data><Data name="pro_status"><value>R</value></Data><Data name="pro_no"><value>4/8</value></Data><Data name="plot_type"><value>B TYPE PLOT</value></Data><Data name="sanctioned_area_sqm"><value>288</value></Data><Data name="area_sqm"><value>290.1</value></Data><Data name="sector"><value>SECTOR 4</value></Data><Data name="tenure"><value>REGISTERED</value></Data></ExtendedData><Polygon><outerBoundaryIs><LinearRing><coordinates>80.9430833,26.9315608 80.9431641,26.9315580 80.9431450,26.9313409 80.9430240,26.9313441 80.9430432,26.9315622 80.9430833,26.9315608</coordinates></LinearRing></outerBoundaryIs></Polygon></Placemark><Placemark><name>4/6</name><ExtendedData><Data name="plot_no"><value>4/6</value></Data><Data name="count"><value>COUNT</value></Data><Data name="land_use"><value>RESIDENTIAL PLOT</value></Data><Data name="registration_no"><value>2141746</value></Data><Data name="pro_status"><value>R</value></Data><Data name="pro_no"><value>4/6</value></Data><Data name="plot_type"><value>B TYPE PLOT</value></Data><Data name="sanctioned_area_sqm"><value>288</value></Data><Data name="area_sqm"><value>291.68</value></Data><Data name="sector"><value>SECTOR 4</value></Data><Data name="tenure"><value>REGISTERED</value></Data></ExtendedData><Polygon><outerBoundaryIs><LinearRing><coordinates>80.9428114,26.9315703 80.9429020,26.9315671 80.9429223,26.9315664 80.9429031,26.9313478 80.9427822,26.9313517 80.9428014,26.9315706 80.9428114,26.9315703</coordinates></LinearRing></outerBoundaryIs></Polygon></Placemark><Placemark><name>4/4</name><ExtendedData><Data name="plot_no"><value>4/4</value></Data><Data name="count"><value>COUNT</value></Data><Data name="land_use"><value>RESIDENTIAL PLOT</value></Data><Data name="registration_no"><value>2285031</value></Data><Data name="pro_status"><value>R</value></Data><Data name="pro_no"><value>4/4</value></Data><Data name="plot_type"><value>B TYPE PLOT</value></Data><Data name="sanctioned_area_sqm"><value>288</value></Data><Data name="area_sqm"><value>293.18</value></Data><Data name="sector"><value>SECTOR 4</value></Data><Data name="tenure"><value>REGISTERED</value></Data></ExtendedData><Polygon><outerBoundaryIs><LinearRing><coordinates>80.9426303,26.9315756 80.9426805,26.9315744 80.9426614,26.9313568 80.9426612,26.9313547 80.9425977,26.9313557 80.9425402,26.9313579 80.9425409,26.9313653 80.9425595,26.9315774 80.9426303,26.9315756</coordinates></LinearRing></outerBoundaryIs></Polygon></Placemark><Placemark><name>4/3</name><ExtendedData><Data name="plot_no"><value>4/3</value></Data><Data name="count"><value>COUNT</value></Data><Data name="land_use"><value>RESIDENTIAL PLOT</value></Data><Data name="registration_no"><value>2205395</value></Data><Data name="pro_status"><value>R</value></Data><Data name="pro_no"><value>4/3</value></Data><Data name="plot_type"><value>B TYPE PLOT</value></Data><Data name="sanctioned_area_sqm"><value>288</value></Data><Data name="area_sqm"><value>296.41</value></Data><Data name="sector"><value>SECTOR 4</value></Data><Data name="tenure"><value>REGISTERED</value></Data></ExtendedData><Polygon><outerBoundaryIs><LinearRing><coordinates>80.9425591,26.9315774 80.9425595,26.9315774 80.9425409,26.9313653 80.9425402,26.9313579 80.9424188,26.9313624 80.9424390,26.9315864 80.9425591,26.9315774</coordinates></LinearRing></outerBoundaryIs></Polygon></Placemark><Placemark><name>4/2</name><ExtendedData><Data name="plot_no"><value>4/2</value></Data><Data name="count"><value>COUNT</value></Data><Data name="land_use"><value>RESIDENTIAL PLOT</value></Data><Data name="registration_no"><value>2059991</value></Data><Data name="pro_status"><value>R</value></Data><Data name="pro_no"><value>4/2</value></Data><Data name="plot_type"><value>B TYPE PLOT</value></Data><Data name="sanctioned_area_sqm"><value>288</value></Data><Data name="area_sqm"><value>295.72</value></Data><Data name="sector"><value>SECTOR 4</value></Data><Data name="tenure"><value>REGISTERED</value></Data></ExtendedData><Polygon><outerBoundaryIs><LinearRing><coordinates>80.9424390,26.9315864 80.9424188,26.9313624 80.9423107,26.9313664 80.9422979,26.9313668 80.9423172,26.9315808 80.9423579,26.9315801 80.9423591,26.9315924 80.9424390,26.9315864</coordinates></LinearRing></outerBoundaryIs></Polygon></Placemark><Placemark><name>4/287</name><ExtendedData><Data name="plot_no"><value>4/287</value></Data><Data name="count"><value>COUNT</value></Data><Data name="land_use"><value>RESIDENTIAL PLOT</value></Data><Data name="registration_no"><value>2217837</value></Data><Data name="pro_status"><value>R</value></Data><Data name="pro_no"><value>4/287</value></Data><Data name="plot_type"><value>C TYPE PLOT</value></Data><Data name="sanctioned_area_sqm"><value>162</value></Data><Data name="area_sqm"><value>209.17</value></Data><Data name="sector"><value>SECTOR 4</value></Data><Data name="tenure"><value>REGISTERED</value></Data></ExtendedData><Polygon><outerBoundaryIs><LinearRing><coordinates>80.9445321,26.9316477 80.9445765,26.9316374 80.9446192,26.9316220 80.9446544,26.9316043 80.9445890,26.9314534 80.9445057,26.9314850 80.9445232,26.9316488 80.9445321,26.9316477</coordinates></LinearRing></outerBoundaryIs></Polygon></Placemark><Placemark><name>4/1</name><ExtendedData><Data name="plot_no"><value>4/1</value></Data><Data name="count"><value>COUNT</value></Data><Data name="land_use"><value>RESIDENTIAL PLOT</value></Data><Data name="registration_no"><value>2433052</value></Data><Data name="pro_status"><value>R</value></Data><Data name="pro_no"><value>4/1</value></Data><Data name="plot_type"><value>B TYPE PLOT</value></Data><Data name="sanctioned_area_sqm"><value>288</value></Data><Data name="area_sqm"><value>377.77</value></Data><Data name="sector"><value>SECTOR 4</value></Data><Data name="tenure"><value>REGISTERED</value></Data></ExtendedData><Polygon><outerBoundaryIs><LinearRing><coordinates>80.9423172,26.9315808 80.9422979,26.9313668 80.9421364,26.9313728 80.9421562,26.9315838 80.9423172,26.9315808</coordinates></LinearRing></outerBoundaryIs></Polygon></Placemark><Placemark><name>4/283</name><ExtendedData><Data name="plot_no"><value>4/283</value></Data><Data name="count"><value>COUNT</value></Data><Data name="land_use"><value>RESIDENTIAL PLOT</value></Data><Data name="registration_no"><value>2156762</value></Data><Data name="pro_status"><value>R</value></Data><Data name="pro_no"><value>4/283</value></Data><Data name="plot_type"><value>B TYPE PLOT</value></Data><Data name="sanctioned_area_sqm"><value>288</value></Data><Data name="area_sqm"><value>390.35</value></Data><Data name="sector"><value>SECTOR 4</value></Data><Data name="tenure"><value>REGISTERED</value></Data></ExtendedData><Polygon><outerBoundaryIs><LinearRing><coordinates>80.9444182,26.9314955 80.9445054,26.9314851 80.9445057,26.9314850 80.9445890,26.9314534 80.9445961,26.9314507 80.9445964,26.9314505 80.9444833,26.9312566 80.9443731,26.9312908 80.9443935,26.9314984 80.9444182,26.9314955</coordinates></LinearRing></outerBoundaryIs></Polygon></Placemark><Placemark><name>4/290</name><ExtendedData><Data name="plot_no"><value>4/290</value></Data><Data name="count"><value>COUNT</value></Data><Data name="land_use"><value>RESIDENTIAL PLOT</value></Data><Data name="registration_no"><value>2214551</value></Data><Data name="pro_status"><value>R</value></Data><Data name="pro_no"><value>4/290</value></Data><Data name="plot_type"><value>C TYPE PLOT</value></Data><Data name="sanctioned_area_sqm"><value>162</value></Data><Data name="area_sqm"><value>163.32</value></Data><Data name="sector"><value>SECTOR 4</value></Data><Data name="tenure"><value>REGISTERED</value></Data></ExtendedData><Polygon><outerBoundaryIs><LinearRing><coordinates>80.9443467,26.9316699 80.9443283,26.9315062 80.9442747,26.9315125 80.9442385,26.9315168 80.9442575,26.9316805 80.9443467,26.9316699</coordinates></LinearRing></outerBoundaryIs></Polygon></Placemark><Placemark><name>CP-1</name><ExtendedData><Data name="plot_no"><value>CP-1</value></Data><Data name="count"><value>COUNT</value></Data><Data name="land_use"><value>COMMERCIAL PLOT</value></Data><Data name="registration_no"><value>3198011</value></Data><Data name="pro_status"><value>A</value></Data><Data name="pro_no"><value>CP-1</value></Data><Data name="plot_type"><value>COMM/AGENCY/GODOWN</value></Data><Data name="sanctioned_area_sqm"><value>500</value></Data><Data name="area_sqm"><value>1097.53</value></Data><Data name="sector"><value>SECTOR 4</value></Data><Data name="tenure"><value>ALLOTTED</value></Data></ExtendedData><Polygon><outerBoundaryIs><LinearRing><coordinates>80.9440480,26.9315646 80.9440436,26.9315275 80.9440391,26.9314892 80.9440300,26.9314130 80.9440187,26.9313177 80.9438788,26.9313214 80.9437579,26.9313246 80.9437735,26.9315369 80.9437787,26.9315367 80.9437911,26.9316989 80.9439062,26.9316949 80.9440629,26.9316895 80.9440582,26.9316500 80.9440480,26.9315646</coordinates></LinearRing></outerBoundaryIs></Polygon></Placemark><Placemark><name>4/15</name><ExtendedData><Data name="plot_no"><value>4/15</value></Data><Data name="count"><value>COUNT</value></Data><Data name="land_use"><value>RESIDENTIAL PLOT</value></Data><Data name="registration_no"><value>2296534</value></Data><Data name="pro_status"><value>A</value></Data><Data name="pro_no"><value>4/15</value></Data><Data name="plot_type"><value>C TYPE PLOT</value></Data><Data name="sanctioned_area_sqm"><value>162</value></Data><Data name="area_sqm"><value>162.07</value></Data><Data name="sector"><value>SECTOR 4</value></Data><Data name="tenure"><value>ALLOTTED</value></Data></ExtendedData><Polygon><outerBoundaryIs><LinearRing><coordinates>80.9436399,26.9317042 80.9436275,26.9315420 80.9435368,26.9315451 80.9435492,26.9317073 80.9436399,26.9317042</coordinates></LinearRing></outerBoundaryIs></Polygon></Placemark><Placemark><name>4/26</name><ExtendedData><Data name="remark"><value>SHORTED PLOT NO(4/34)</value></Data><Data name="plot_no"><value>4/26</value></Data><Data name="count"><value>COUNT</value></Data><Data name="land_use"><value>RESIDENTIAL PLOT</value></Data><Data name="registration_no"><value>2355016</value></Data><Data name="pro_status"><value>R</value></Data><Data name="pro_no"><value>4/26</value></Data><Data name="plot_type"><value>C TYPE PLOT</value></Data><Data name="sanctioned_area_sqm"><value>162</value></Data><Data name="area_sqm"><value>256.27</value></Data><Data name="sector"><value>SECTOR 4</value></Data><Data name="tenure"><value>REGISTERED</value></Data></ExtendedData><Polygon><outerBoundaryIs><LinearRing><coordinates>80.9425456,26.9316642 80.9426371,26.9316558 80.9426303,26.9315756 80.9425595,26.9315774 80.9425591,26.9315774 80.9424390,26.9315864 80.9423591,26.9315924 80.9423666,26.9316739 80.9423673,26.9316807 80.9425456,26.9316642</coordinates></LinearRing></outerBoundaryIs></Polygon></Placemark><Placemark><name>4/16</name><ExtendedData><Data name="plot_no"><value>4/16</value></Data><Data name="count"><value>COUNT</value></Data><Data name="land_use"><value>RESIDENTIAL PLOT</value></Data><Data name="registration_no"><value>2458862</value></Data><Data name="pro_status"><value>R</value></Data><Data name="pro_no"><value>4/16</value></Data><Data name="plot_type"><value>C TYPE PLOT</value></Data><Data name="sanctioned_area_sqm"><value>162</value></Data><Data name="area_sqm"><value>162.07</value></Data><Data name="sector"><value>SECTOR 4</value></Data><Data name="tenure"><value>REGISTERED</value></Data></ExtendedData><Polygon><outerBoundaryIs><LinearRing><coordinates>80.9435492,26.9317073 80.9435368,26.9315451 80.9435231,26.9315456 80.9434462,26.9315483 80.9434586,26.9317105 80.9435492,26.9317073</coordinates></LinearRing></outerBoundaryIs></Polygon></Placemark><Placemark><name>4/309</name><ExtendedData><Data name="plot_no"><value>4/309</value></Data><Data name="count"><value>COUNT</value></Data><Data name="land_use"><value>RESIDENTIAL PLOT</value></Data><Data name="registration_no"><value>2224012</value></Data><Data name="pro_status"><value>R</value></Data><Data name="pro_no"><value>4/309</value></Data><Data name="plot_type"><value>D TYPE PLOT</value></Data><Data name="sanctioned_area_sqm"><value>115.50</value></Data><Data name="area_sqm"><value>137.88</value></Data><Data name="sector"><value>SECTOR 4</value></Data><Data name="tenure"><value>REGISTERED</value></Data></ExtendedData><Polygon><outerBoundaryIs><LinearRing><coordinates>80.9448653,26.9316704 80.9448219,26.9316037 80.9447087,26.9316700 80.9446793,26.9316847 80.9447202,26.9317479 80.9448653,26.9316704</coordinates></LinearRing></outerBoundaryIs></Polygon></Placemark><Placemark><name>4/17</name><ExtendedData><Data name="plot_no"><value>4/17</value></Data><Data name="count"><value>COUNT</value></Data><Data name="land_use"><value>RESIDENTIAL PLOT</value></Data><Data name="registration_no"><value>2357775</value></Data><Data name="pro_status"><value>R</value></Data><Data name="pro_no"><value>4/17</value></Data><Data name="plot_type"><value>C TYPE PLOT</value></Data><Data name="sanctioned_area_sqm"><value>162</value></Data><Data name="area_sqm"><value>162.07</value></Data><Data name="sector"><value>SECTOR 4</value></Data><Data name="tenure"><value>REGISTERED</value></Data></ExtendedData><Polygon><outerBoundaryIs><LinearRing><coordinates>80.9434586,26.9317105 80.9434462,26.9315483 80.9434023,26.9315498 80.9433556,26.9315514 80.9433680,26.9317136 80.9434586,26.9317105</coordinates></LinearRing></outerBoundaryIs></Polygon></Placemark><Placemark><name>4/18</name><ExtendedData><Data name="plot_no"><value>4/18</value></Data><Data name="count"><value>COUNT</value></Data><Data name="land_use"><value>RESIDENTIAL PLOT</value></Data><Data name="registration_no"><value>2157364</value></Data><Data name="pro_status"><value>R</value></Data><Data name="pro_no"><value>4/18</value></Data><Data name="plot_type"><value>C TYPE PLOT</value></Data><Data name="sanctioned_area_sqm"><value>162</value></Data><Data name="area_sqm"><value>163.35</value></Data><Data name="sector"><value>SECTOR 4</value></Data><Data name="tenure"><value>REGISTERED</value></Data></ExtendedData><Polygon><outerBoundaryIs><LinearRing><coordinates>80.9433680,26.9317136 80.9433556,26.9315514 80.9432849,26.9315538 80.9432645,26.9315546 80.9432763,26.9317168 80.9433680,26.9317136</coordinates></LinearRing></outerBoundaryIs></Polygon></Placemark><Placemark><name>4/44</name><ExtendedData><Data name="plot_no"><value>4/44</value></Data><Data name="count"><value>COUNT</value></Data><Data name="land_use"><value>RESIDENTIAL PLOT</value></Data><Data name="registration_no"><value>2122896</value></Data><Data name="pro_status"><value>R</value></Data><Data name="pro_no"><value>4/44</value></Data><Data name="plot_type"><value>C TYPE PLOT</value></Data><Data name="sanctioned_area_sqm"><value>200</value></Data><Data name="area_sqm"><value>224.21</value></Data><Data name="sector"><value>SECTOR 4</value></Data><Data name="tenure"><value>REGISTERED</value></Data></ExtendedData><Polygon><outerBoundaryIs><LinearRing><coordinates>80.9423666,26.9316739 80.9423591,26.9315924 80.9423579,26.9315801 80.9423172,26.9315808 80.9421562,26.9315838 80.9421664,26.9316919 80.9423666,26.9316739</coordinates></LinearRing></outerBoundaryIs></Polygon></Placemark><Placemark><name>4/19</name><ExtendedData><Data name="plot_no"><value>4/19</value></Data><Data name="count"><value>COUNT</value></Data><Data name="land_use"><value>RESIDENTIAL PLOT</value></Data><Data name="registration_no"><value>2159815</value></Data><Data name="pro_status"><value>R</value></Data><Data name="pro_no"><value>4/19</value></Data><Data name="plot_type"><value>C TYPE PLOT</value></Data><Data name="sanctioned_area_sqm"><value>162</value></Data><Data name="area_sqm"><value>162.06</value></Data><Data name="sector"><value>SECTOR 4</value></Data><Data name="tenure"><value>REGISTERED</value></Data></ExtendedData><Polygon><outerBoundaryIs><LinearRing><coordinates>80.9432763,26.9317168 80.9432645,26.9315546 80.9431739,26.9315577 80.9431857,26.9317199 80.9432763,26.9317168</coordinates></LinearRing></outerBoundaryIs></Polygon></Placemark><Placemark><name>4/20</name><ExtendedData><Data name="plot_no"><value>4/20</value></Data><Data name="count"><value>COUNT</value></Data><Data name="land_use"><value>RESIDENTIAL PLOT</value></Data><Data name="registration_no"><value>2127771</value></Data><Data name="pro_status"><value>R</value></Data><Data name="pro_no"><value>4/20</value></Data><Data name="plot_type"><value>C TYPE PLOT</value></Data><Data name="sanctioned_area_sqm"><value>162</value></Data><Data name="area_sqm"><value>162.06</value></Data><Data name="sector"><value>SECTOR 4</value></Data><Data name="tenure"><value>REGISTERED</value></Data></ExtendedData><Polygon><outerBoundaryIs><LinearRing><coordinates>80.9431857,26.9317199 80.9431739,26.9315577 80.9431641,26.9315580 80.9430833,26.9315608 80.9430951,26.9317231 80.9431857,26.9317199</coordinates></LinearRing></outerBoundaryIs></Polygon></Placemark><Placemark><name>4/21</name><ExtendedData><Data name="plot_no"><value>4/21</value></Data><Data name="count"><value>COUNT</value></Data><Data name="land_use"><value>RESIDENTIAL PLOT</value></Data><Data name="registration_no"><value>2157305</value></Data><Data name="pro_status"><value>R</value></Data><Data name="pro_no"><value>4/21</value></Data><Data name="plot_type"><value>C TYPE PLOT</value></Data><Data name="sanctioned_area_sqm"><value>162</value></Data><Data name="area_sqm"><value>162.06</value></Data><Data name="sector"><value>SECTOR 4</value></Data><Data name="tenure"><value>REGISTERED</value></Data></ExtendedData><Polygon><outerBoundaryIs><LinearRing><coordinates>80.9430951,26.9317231 80.9430833,26.9315608 80.9430432,26.9315622 80.9429926,26.9315640 80.9430045,26.9317262 80.9430951,26.9317231</coordinates></LinearRing></outerBoundaryIs></Polygon></Placemark><Placemark><name>4/22</name><ExtendedData><Data name="plot_no"><value>4/22</value></Data><Data name="count"><value>COUNT</value></Data><Data name="land_use"><value>RESIDENTIAL PLOT</value></Data><Data name="registration_no"><value>2203273</value></Data><Data name="pro_status"><value>R</value></Data><Data name="pro_no"><value>4/22</value></Data><Data name="plot_type"><value>C TYPE PLOT</value></Data><Data name="sanctioned_area_sqm"><value>162</value></Data><Data name="area_sqm"><value>162.06</value></Data><Data name="sector"><value>SECTOR 4</value></Data><Data name="tenure"><value>REGISTERED</value></Data></ExtendedData><Polygon><outerBoundaryIs><LinearRing><coordinates>80.9430045,26.9317262 80.9429926,26.9315640 80.9429223,26.9315664 80.9429020,26.9315671 80.9429139,26.9317294 80.9430045,26.9317262</coordinates></LinearRing></outerBoundaryIs></Polygon></Placemark><Placemark><name>4/23</name><ExtendedData><Data name="plot_no"><value>4/23</value></Data><Data name="count"><value>COUNT</value></Data><Data name="land_use"><value>RESIDENTIAL PLOT</value></Data><Data name="registration_no"><value>2203265</value></Data><Data name="pro_status"><value>R</value></Data><Data name="pro_no"><value>4/23</value></Data><Data name="plot_type"><value>C TYPE PLOT</value></Data><Data name="sanctioned_area_sqm"><value>162</value></Data><Data name="area_sqm"><value>162.06</value></Data><Data name="sector"><value>SECTOR 4</value></Data><Data name="tenure"><value>REGISTERED</value></Data></ExtendedData><Polygon><outerBoundaryIs><LinearRing><coordinates>80.9429139,26.9317294 80.9429020,26.9315671 80.9428114,26.9315703 80.9428232,26.9317325 80.9429139,26.9317294</coordinates></LinearRing></outerBoundaryIs></Polygon></Placemark><Placemark><name>4/24</name><ExtendedData><Data name="plot_no"><value>4/24</value></Data><Data name="count"><value>COUNT</value></Data><Data name="land_use"><value>RESIDENTIAL PLOT</value></Data><Data name="registration_no"><value>2157356</value></Data><Data name="pro_status"><value>R</value></Data><Data name="pro_no"><value>4/24</value></Data><Data name="plot_type"><value>C TYPE PLOT</value></Data><Data name="sanctioned_area_sqm"><value>162</value></Data><Data name="area_sqm"><value>162.06</value></Data><Data name="sector"><value>SECTOR 4</value></Data><Data name="tenure"><value>REGISTERED</value></Data></ExtendedData><Polygon><outerBoundaryIs><LinearRing><coordinates>80.9428232,26.9317325 80.9428114,26.9315703 80.9428014,26.9315706 80.9427250,26.9315733 80.9427208,26.9315734 80.9427326,26.9317356 80.9428232,26.9317325</coordinates></LinearRing></outerBoundaryIs></Polygon></Placemark><Placemark><name>4/25</name><ExtendedData><Data name="plot_no"><value>4/25</value></Data><Data name="count"><value>COUNT</value></Data><Data name="land_use"><value>RESIDENTIAL PLOT</value></Data><Data name="registration_no"><value>2157337</value></Data><Data name="pro_status"><value>A</value></Data><Data name="pro_no"><value>4/25</value></Data><Data name="plot_type"><value>C TYPE PLOT</value></Data><Data name="sanctioned_area_sqm"><value>162</value></Data><Data name="area_sqm"><value>159.99</value></Data><Data name="sector"><value>SECTOR 4</value></Data><Data name="tenure"><value>ALLOTTED</value></Data></ExtendedData><Polygon><outerBoundaryIs><LinearRing><coordinates>80.9426441,26.9317379 80.9427310,26.9317357 80.9427326,26.9317356 80.9427208,26.9315734 80.9426805,26.9315744 80.9426303,26.9315756 80.9426371,26.9316558 80.9426440,26.9317379 80.9426441,26.9317379</coordinates></LinearRing></outerBoundaryIs></Polygon></Placemark><Placemark><name>4/296</name><ExtendedData><Data name="plot_no"><value>4/296</value></Data><Data name="count"><value>COUNT</value></Data><Data name="land_use"><value>RESIDENTIAL PLOT</value></Data><Data name="registration_no"><value>2272003</value></Data><Data name="pro_status"><value>R</value></Data><Data name="pro_no"><value>4/296</value></Data><Data name="plot_type"><value>C TYPE PLOT</value></Data><Data name="sanctioned_area_sqm"><value>162</value></Data><Data name="area_sqm"><value>159.5</value></Data><Data name="sector"><value>SECTOR 4</value></Data><Data name="tenure"><value>REGISTERED</value></Data></ExtendedData><Polygon><outerBoundaryIs><LinearRing><coordinates>80.9444490,26.9319024 80.9444279,26.9317421 80.9443389,26.9317528 80.9443590,26.9319120 80.9443619,26.9319117 80.9444490,26.9319024</coordinates></LinearRing></outerBoundaryIs></Polygon></Placemark><Placemark><name>4/310</name><ExtendedData><Data name="plot_no"><value>4/310</value></Data><Data name="count"><value>COUNT</value></Data><Data name="land_use"><value>RESIDENTIAL PLOT</value></Data><Data name="registration_no"><value>2249972</value></Data><Data name="pro_status"><value>A</value></Data><Data name="pro_no"><value>4/310</value></Data><Data name="plot_type"><value>D TYPE PLOT</value></Data><Data name="sanctioned_area_sqm"><value>115.50</value></Data><Data name="area_sqm"><value>117.43</value></Data><Data name="sector"><value>SECTOR 4</value></Data><Data name="tenure"><value>ALLOTTED</value></Data></ExtendedData><Polygon><outerBoundaryIs><LinearRing><coordinates>80.9449008,26.9317250 80.9448653,26.9316704 80.9447202,26.9317479 80.9447555,26.9318026 80.9449008,26.9317250</coordinates></LinearRing></outerBoundaryIs></Polygon></Placemark><Placemark><name>4/27</name><ExtendedData><Data name="remark"><value>SHORTED PLOT NO(4/34)</value></Data><Data name="plot_no"><value>4/27</value></Data><Data name="count"><value>COUNT</value></Data><Data name="land_use"><value>RESIDENTIAL PLOT</value></Data><Data name="registration_no"><value>2053363</value></Data><Data name="pro_status"><value>R</value></Data><Data name="pro_no"><value>4/27</value></Data><Data name="plot_type"><value>C TYPE PLOT</value></Data><Data name="sanctioned_area_sqm"><value>162</value></Data><Data name="area_sqm"><value>158.79</value></Data><Data name="sector"><value>SECTOR 4</value></Data><Data name="tenure"><value>REGISTERED</value></Data></ExtendedData><Polygon><outerBoundaryIs><LinearRing><coordinates>80.9425532,26.9317439 80.9425456,26.9316642 80.9423673,26.9316807 80.9423748,26.9317615 80.9425532,26.9317439</coordinates></LinearRing></outerBoundaryIs></Polygon></Placemark><Placemark><name>4/43</name><ExtendedData><Data name="plot_no"><value>4/43</value></Data><Data name="count"><value>COUNT</value></Data><Data name="land_use"><value>RESIDENTIAL PLOT</value></Data><Data name="registration_no"><value>2075886</value></Data><Data name="pro_status"><value>R</value></Data><Data name="pro_no"><value>4/43</value></Data><Data name="plot_type"><value>C TYPE PLOT</value></Data><Data name="sanctioned_area_sqm"><value>200</value></Data><Data name="area_sqm"><value>199.77</value></Data><Data name="sector"><value>SECTOR 4</value></Data><Data name="tenure"><value>REGISTERED</value></Data></ExtendedData><Polygon><outerBoundaryIs><LinearRing><coordinates>80.9423750,26.9317639 80.9423748,26.9317615 80.9423673,26.9316807 80.9423666,26.9316739 80.9421664,26.9316919 80.9421748,26.9317819 80.9423750,26.9317639</coordinates></LinearRing></outerBoundaryIs></Polygon></Placemark><Placemark><name>4/311</name><ExtendedData><Data name="plot_no"><value>4/311</value></Data><Data name="count"><value>COUNT</value></Data><Data name="land_use"><value>RESIDENTIAL PLOT</value></Data><Data name="registration_no"><value>2224047</value></Data><Data name="pro_status"><value>R</value></Data><Data name="pro_no"><value>4/311</value></Data><Data name="plot_type"><value>D TYPE PLOT</value></Data><Data name="sanctioned_area_sqm"><value>115.50</value></Data><Data name="area_sqm"><value>117.55</value></Data><Data name="sector"><value>SECTOR 4</value></Data><Data name="tenure"><value>REGISTERED</value></Data></ExtendedData><Polygon><outerBoundaryIs><LinearRing><coordinates>80.9449363,26.9317796 80.9449008,26.9317250 80.9447555,26.9318026 80.9447909,26.9318572 80.9449363,26.9317796</coordinates></LinearRing></outerBoundaryIs></Polygon></Placemark><Placemark><name>4/299</name><ExtendedData><Data name="plot_no"><value>4/299</value></Data><Data name="count"><value>COUNT</value></Data><Data name="land_use"><value>RESIDENTIAL PLOT</value></Data><Data name="registration_no"><value>2214586</value></Data><Data name="pro_status"><value>R</value></Data><Data name="pro_no"><value>4/299</value></Data><Data name="plot_type"><value>C TYPE PLOT</value></Data><Data name="sanctioned_area_sqm"><value>162</value></Data><Data name="area_sqm"><value>227.39</value></Data><Data name="sector"><value>SECTOR 4</value></Data><Data name="tenure"><value>REGISTERED</value></Data></ExtendedData><Polygon><outerBoundaryIs><LinearRing><coordinates>80.9447025,26.9318732 80.9446033,26.9317150 80.9446032,26.9317151 80.9445465,26.9317280 80.9445188,26.9317313 80.9445389,26.9318918 80.9445748,26.9318872 80.9446480,26.9318792 80.9447025,26.9318732</coordinates></LinearRing></outerBoundaryIs></Polygon></Placemark><Placemark><name>4/253</name><ExtendedData><Data name="plot_no"><value>4/253</value></Data><Data name="count"><value>COUNT</value></Data><Data name="land_use"><value>RESIDENTIAL PLOT</value></Data><Data name="registration_no"><value>2128092</value></Data><Data name="pro_status"><value>R</value></Data><Data name="pro_no"><value>4/253</value></Data><Data name="plot_type"><value>D TYPE PLOT</value></Data><Data name="sanctioned_area_sqm"><value>115.50</value></Data><Data name="area_sqm"><value>139.87</value></Data><Data name="sector"><value>SECTOR 4</value></Data><Data name="tenure"><value>REGISTERED</value></Data></ExtendedData><Polygon><outerBoundaryIs><LinearRing><coordinates>80.9439119,26.9318501 80.9439034,26.9317763 80.9437405,26.9317820 80.9437497,26.9318637 80.9439119,26.9318501</coordinates></LinearRing></outerBoundaryIs></Polygon></Placemark><Placemark><name>4/123</name><ExtendedData><Data name="plot_no"><value>4/123</value></Data><Data name="count"><value>COUNT</value></Data><Data name="land_use"><value>RESIDENTIAL PLOT</value></Data><Data name="registration_no"><value>2340281</value></Data><Data name="pro_status"><value>R</value></Data><Data name="pro_no"><value>4/123</value></Data><Data name="plot_type"><value>D TYPE PLOT</value></Data><Data name="sanctioned_area_sqm"><value>115.50</value></Data><Data name="area_sqm"><value>119.04</value></Data><Data name="sector"><value>SECTOR 4</value></Data><Data name="tenure"><value>REGISTERED</value></Data></ExtendedData><Polygon><outerBoundaryIs><LinearRing><coordinates>80.9436568,26.9318480 80.9436497,26.9317851 80.9434845,26.9317909 80.9434923,26.9318586 80.9436568,26.9318480</coordinates></LinearRing></outerBoundaryIs></Polygon></Placemark><Placemark><name>4/254</name><ExtendedData><Data name="remark"><value>SHORTED PLOT NO(4/255,256,257,258)</value></Data><Data name="plot_no"><value>4/254</value></Data><Data name="count"><value>COUNT</value></Data><Data name="land_use"><value>RESIDENTIAL PLOT</value></Data><Data name="registration_no"><value>2244583</value></Data><Data name="pro_status"><value>R</value></Data><Data name="pro_no"><value>4/254</value></Data><Data name="plot_type"><value>D TYPE PLOT</value></Data><Data name="sanctioned_area_sqm"><value>115.50</value></Data><Data name="area_sqm"><value>176.01</value></Data><Data name="sector"><value>SECTOR 4</value></Data><Data name="tenure"><value>REGISTERED</value></Data></ExtendedData><Polygon><outerBoundaryIs><LinearRing><coordinates>80.9440831,26.9318599 80.9440790,26.9318250 80.9440725,26.9317705 80.9439034,26.9317763 80.9439119,26.9318501 80.9439148,26.9318753 80.9440831,26.9318599</coordinates></LinearRing></outerBoundaryIs></Polygon></Placemark><Placemark><name>4/28</name><ExtendedData><Data name="remark"><value>SHORTED PLOT NO(4/34)</value></Data><Data name="plot_no"><value>4/28</value></Data><Data name="count"><value>COUNT</value></Data><Data name="land_use"><value>RESIDENTIAL PLOT</value></Data><Data name="registration_no"><value>2057042</value></Data><Data name="pro_status"><value>R</value></Data><Data name="pro_no"><value>4/28</value></Data><Data name="plot_type"><value>C TYPE PLOT</value></Data><Data name="sanctioned_area_sqm"><value>162</value></Data><Data name="area_sqm"><value>160.41</value></Data><Data name="sector"><value>SECTOR 4</value></Data><Data name="tenure"><value>REGISTERED</value></Data></ExtendedData><Polygon><outerBoundaryIs><LinearRing><coordinates>80.9425609,26.9318249 80.9425532,26.9317439 80.9423748,26.9317615 80.9423750,26.9317639 80.9423823,26.9318425 80.9425609,26.9318249</coordinates></LinearRing></outerBoundaryIs></Polygon></Placemark><Placemark><name>4/297</name><ExtendedData><Data name="plot_no"><value>4/297</value></Data><Data name="count"><value>COUNT</value></Data><Data name="land_use"><value>RESIDENTIAL PLOT</value></Data><Data name="registration_no"><value>2239866</value></Data><Data name="pro_status"><value>R</value></Data><Data name="pro_no"><value>4/297</value></Data><Data name="plot_type"><value>C TYPE PLOT</value></Data><Data name="sanctioned_area_sqm"><value>162</value></Data><Data name="area_sqm"><value>162.11</value></Data><Data name="sector"><value>SECTOR 4</value></Data><Data name="tenure"><value>REGISTERED</value></Data></ExtendedData><Polygon><outerBoundaryIs><LinearRing><coordinates>80.9445389,26.9318918 80.9445188,26.9317313 80.9444279,26.9317421 80.9444490,26.9319024 80.9444875,26.9318983 80.9445389,26.9318918</coordinates></LinearRing></outerBoundaryIs></Polygon></Placemark><Placemark><name>4/312</name><ExtendedData><Data name="plot_no"><value>4/312</value></Data><Data name="count"><value>COUNT</value></Data><Data name="land_use"><value>RESIDENTIAL PLOT</value></Data><Data name="registration_no"><value>2224063</value></Data><Data name="pro_status"><value>A</value></Data><Data name="pro_no"><value>4/312</value></Data><Data name="plot_type"><value>D TYPE PLOT</value></Data><Data name="sanctioned_area_sqm"><value>115.50</value></Data><Data name="area_sqm"><value>119.0</value></Data><Data name="sector"><value>SECTOR 4</value></Data><Data name="tenure"><value>ALLOTTED</value></Data></ExtendedData><Polygon><outerBoundaryIs><LinearRing><coordinates>80.9449726,26.9318367 80.9449569,26.9318112 80.9449363,26.9317796 80.9447909,26.9318572 80.9448256,26.9319110 80.9449726,26.9318367</coordinates></LinearRing></outerBoundaryIs></Polygon></Placemark><Placemark><name>4/124</name><ExtendedData><Data name="plot_no"><value>4/124</value></Data><Data name="count"><value>COUNT</value></Data><Data name="land_use"><value>RESIDENTIAL PLOT</value></Data><Data name="registration_no"><value>2054329</value></Data><Data name="pro_status"><value>R</value></Data><Data name="pro_no"><value>4/124</value></Data><Data name="plot_type"><value>D TYPE PLOT</value></Data><Data name="sanctioned_area_sqm"><value>115.50</value></Data><Data name="area_sqm"><value>135.44</value></Data><Data name="sector"><value>SECTOR 4</value></Data><Data name="tenure"><value>REGISTERED</value></Data></ExtendedData><Polygon><outerBoundaryIs><LinearRing><coordinates>80.9434924,26.9318588 80.9434923,26.9318586 80.9434845,26.9317909 80.9433142,26.9317968 80.9433230,26.9318729 80.9434924,26.9318588</coordinates></LinearRing></outerBoundaryIs></Polygon></Placemark><Placemark><name>4/295</name><ExtendedData><Data name="plot_no"><value>4/295</value></Data><Data name="count"><value>COUNT</value></Data><Data name="land_use"><value>RESIDENTIAL PLOT</value></Data><Data name="registration_no"><value>2377342</value></Data><Data name="pro_status"><value>R</value></Data><Data name="pro_no"><value>4/295</value></Data><Data name="plot_type"><value>C TYPE PLOT</value></Data><Data name="sanctioned_area_sqm"><value>162</value></Data><Data name="area_sqm"><value>157.63</value></Data><Data name="sector"><value>SECTOR 4</value></Data><Data name="tenure"><value>REGISTERED</value></Data></ExtendedData><Polygon><outerBoundaryIs><LinearRing><coordinates>80.9442746,26.9319222 80.9442747,26.9319192 80.9443590,26.9319120 80.9443389,26.9317528 80.9442499,26.9317634 80.9442691,26.9319228 80.9442746,26.9319222</coordinates></LinearRing></outerBoundaryIs></Polygon></Placemark><Placemark><name>4/294</name><ExtendedData><Data name="plot_no"><value>4/294</value></Data><Data name="count"><value>COUNT</value></Data><Data name="land_use"><value>RESIDENTIAL PLOT</value></Data><Data name="registration_no"><value>2172725</value></Data><Data name="pro_status"><value>R</value></Data><Data name="pro_no"><value>4/294</value></Data><Data name="plot_type"><value>C TYPE PLOT</value></Data><Data name="sanctioned_area_sqm"><value>162</value></Data><Data name="area_sqm"><value>152.05</value></Data><Data name="sector"><value>SECTOR 4</value></Data><Data name="tenure"><value>REGISTERED</value></Data></ExtendedData><Polygon><outerBoundaryIs><LinearRing><coordinates>80.9442691,26.9319228 80.9442499,26.9317634 80.9441640,26.9317737 80.9441712,26.9318337 80.9441828,26.9319315 80.9442691,26.9319228</coordinates></LinearRing></outerBoundaryIs></Polygon></Placemark><Placemark><name>4/42</name><ExtendedData><Data name="plot_no"><value>4/42</value></Data><Data name="count"><value>COUNT</value></Data><Data name="land_use"><value>RESIDENTIAL PLOT</value></Data><Data name="registration_no"><value>2079276</value></Data><Data name="pro_status"><value>R</value></Data><Data name="pro_no"><value>4/42</value></Data><Data name="plot_type"><value>C TYPE PLOT</value></Data><Data name="sanctioned_area_sqm"><value>200</value></Data><Data name="area_sqm"><value>199.69</value></Data><Data name="sector"><value>SECTOR 4</value></Data><Data name="tenure"><value>REGISTERED</value></Data></ExtendedData><Polygon><outerBoundaryIs><LinearRing><coordinates>80.9423834,26.9318539 80.9423823,26.9318425 80.9423750,26.9317639 80.9421748,26.9317819 80.9421833,26.9318719 80.9423834,26.9318539</coordinates></LinearRing></outerBoundaryIs></Polygon></Placemark><Placemark><name>4/249</name><ExtendedData><Data name="plot_no"><value>4/249</value></Data><Data name="count"><value>COUNT</value></Data><Data name="land_use"><value>RESIDENTIAL PLOT</value></Data><Data name="registration_no"><value>2213106</value></Data><Data name="pro_status"><value>R</value></Data><Data name="pro_no"><value>4/249</value></Data><Data name="plot_type"><value>D TYPE PLOT</value></Data><Data name="sanctioned_area_sqm"><value>115.50</value></Data><Data name="area_sqm"><value>113.28</value></Data><Data name="sector"><value>SECTOR 4</value></Data><Data name="tenure"><value>REGISTERED</value></Data></ExtendedData><Polygon><outerBoundaryIs><LinearRing><coordinates>80.9439191,26.9319130 80.9439148,26.9318753 80.9439119,26.9318501 80.9437497,26.9318637 80.9437568,26.9319266 80.9439191,26.9319130</coordinates></LinearRing></outerBoundaryIs></Polygon></Placemark><Placemark><name>4/119</name><ExtendedData><Data name="plot_no"><value>4/119</value></Data><Data name="count"><value>COUNT</value></Data><Data name="land_use"><value>RESIDENTIAL PLOT</value></Data><Data name="registration_no"><value>2078666</value></Data><Data name="pro_status"><value>R</value></Data><Data name="pro_no"><value>4/119</value></Data><Data name="plot_type"><value>D TYPE PLOT</value></Data><Data name="sanctioned_area_sqm"><value>115.50</value></Data><Data name="area_sqm"><value>114.54</value></Data><Data name="sector"><value>SECTOR 4</value></Data><Data name="tenure"><value>REGISTERED</value></Data></ExtendedData><Polygon><outerBoundaryIs><LinearRing><coordinates>80.9436639,26.9319109 80.9436568,26.9318480 80.9434923,26.9318586 80.9434924,26.9318588 80.9434996,26.9319215 80.9436639,26.9319109</coordinates></LinearRing></outerBoundaryIs></Polygon></Placemark><Placemark><name>4/259</name><ExtendedData><Data name="remark"><value>SHORTED PLOT NO(4/255,256,257,258)</value></Data><Data name="plot_no"><value>4/259</value></Data><Data name="count"><value>COUNT</value></Data><Data name="land_use"><value>RESIDENTIAL PLOT</value></Data><Data name="registration_no"><value>2353250</value></Data><Data name="pro_status"><value>R</value></Data><Data name="pro_no"><value>4/259</value></Data><Data name="plot_type"><value>D TYPE PLOT</value></Data><Data name="sanctioned_area_sqm"><value>115.50</value></Data><Data name="area_sqm"><value>117.64</value></Data><Data name="sector"><value>SECTOR 4</value></Data><Data name="tenure"><value>REGISTERED</value></Data></ExtendedData><Polygon><outerBoundaryIs><LinearRing><coordinates>80.9440906,26.9319227 80.9440831,26.9318599 80.9439148,26.9318753 80.9439191,26.9319130 80.9439221,26.9319382 80.9440906,26.9319227</coordinates></LinearRing></outerBoundaryIs></Polygon></Placemark><Placemark><name>4/313</name><ExtendedData><Data name="plot_no"><value>4/313</value></Data><Data name="count"><value>COUNT</value></Data><Data name="land_use"><value>RESIDENTIAL PLOT</value></Data><Data name="registration_no"><value>2224020</value></Data><Data name="pro_status"><value>R</value></Data><Data name="pro_no"><value>4/313</value></Data><Data name="plot_type"><value>D TYPE PLOT</value></Data><Data name="sanctioned_area_sqm"><value>115.50</value></Data><Data name="area_sqm"><value>116.86</value></Data><Data name="sector"><value>SECTOR 4</value></Data><Data name="tenure"><value>REGISTERED</value></Data></ExtendedData><Polygon><outerBoundaryIs><LinearRing><coordinates>80.9450069,26.9318919 80.9449726,26.9318367 80.9448256,26.9319110 80.9448610,26.9319657 80.9450069,26.9318919</coordinates></LinearRing></outerBoundaryIs></Polygon></Placemark><Placemark><name>4/304</name><ExtendedData><Data name="plot_no"><value>4/304</value></Data><Data name="count"><value>COUNT</value></Data><Data name="land_use"><value>RESIDENTIAL PLOT</value></Data><Data name="registration_no"><value>2217917</value></Data><Data name="pro_status"><value>R</value></Data><Data name="pro_no"><value>4/304</value></Data><Data name="plot_type"><value>D TYPE PLOT</value></Data><Data name="sanctioned_area_sqm"><value>115.50</value></Data><Data name="area_sqm"><value>117.48</value></Data><Data name="sector"><value>SECTOR 4</value></Data><Data name="tenure"><value>REGISTERED</value></Data></ExtendedData><Polygon><outerBoundaryIs><LinearRing><coordinates>80.9444186,26.9319079 80.9444183,26.9319057 80.9443619,26.9319117 80.9443590,26.9319120 80.9443445,26.9319132 80.9443449,26.9319162 80.9443629,26.9320590 80.9444344,26.9320507 80.9444186,26.9319079</coordinates></LinearRing></outerBoundaryIs></Polygon></Placemark><Placemark><name>4/128</name><ExtendedData><Data name="plot_no"><value>4/128</value></Data><Data name="count"><value>COUNT</value></Data><Data name="land_use"><value>RESIDENTIAL PLOT</value></Data><Data name="registration_no"><value>2252875</value></Data><Data name="pro_status"><value>R</value></Data><Data name="pro_no"><value>4/128</value></Data><Data name="plot_type"><value>D TYPE PLOT</value></Data><Data name="sanctioned_area_sqm"><value>115.50</value></Data><Data name="area_sqm"><value>118.2</value></Data><Data name="sector"><value>SECTOR 4</value></Data><Data name="tenure"><value>REGISTERED</value></Data></ExtendedData><Polygon><outerBoundaryIs><LinearRing><coordinates>80.9434996,26.9319217 80.9434996,26.9319215 80.9434924,26.9318588 80.9433230,26.9318729 80.9433302,26.9319358 80.9434996,26.9319217</coordinates></LinearRing></outerBoundaryIs></Polygon></Placemark><Placemark><name>4/260</name><ExtendedData><Data name="remark"><value>SHORTED PLOT NO(4/255,256,257,258)</value></Data><Data name="plot_no"><value>4/260</value></Data><Data name="count"><value>COUNT</value></Data><Data name="land_use"><value>RESIDENTIAL PLOT</value></Data><Data name="registration_no"><value>2078916</value></Data><Data name="pro_status"><value>R</value></Data><Data name="pro_no"><value>4/260</value></Data><Data name="plot_type"><value>D TYPE PLOT</value></Data><Data name="sanctioned_area_sqm"><value>115.50</value></Data><Data name="area_sqm"><value>117.81</value></Data><Data name="sector"><value>SECTOR 4</value></Data><Data name="tenure"><value>REGISTERED</value></Data></ExtendedData><Polygon><outerBoundaryIs><LinearRing><coordinates>80.9440980,26.9319856 80.9440948,26.9319586 80.9440906,26.9319227 80.9439221,26.9319382 80.9439264,26.9319758 80.9439293,26.9320011 80.9440980,26.9319856</coordinates></LinearRing></outerBoundaryIs></Polygon></Placemark><Placemark><name>4/29</name><ExtendedData><Data name="remark"><value>SHORTED PLOT NO(4/34)</value></Data><Data name="plot_no"><value>4/29</value></Data><Data name="count"><value>COUNT</value></Data><Data name="land_use"><value>RESIDENTIAL PLOT</value></Data><Data name="registration_no"><value>2053007</value></Data><Data name="pro_status"><value>R</value></Data><Data name="pro_no"><value>4/29</value></Data><Data name="plot_type"><value>C TYPE PLOT</value></Data><Data name="sanctioned_area_sqm"><value>162</value></Data><Data name="area_sqm"><value>160.55</value></Data><Data name="sector"><value>SECTOR 4</value></Data><Data name="tenure"><value>REGISTERED</value></Data></ExtendedData><Polygon><outerBoundaryIs><LinearRing><coordinates>80.9425685,26.9319059 80.9425609,26.9318249 80.9423823,26.9318425 80.9423834,26.9318539 80.9423898,26.9319235 80.9425685,26.9319059</coordinates></LinearRing></outerBoundaryIs></Polygon></Placemark><Placemark><name>4/247</name><ExtendedData><Data name="plot_no"><value>4/247</value></Data><Data name="count"><value>COUNT</value></Data><Data name="land_use"><value>RESIDENTIAL PLOT</value></Data><Data name="registration_no"><value>2249948</value></Data><Data name="pro_status"><value>R</value></Data><Data name="pro_no"><value>4/247</value></Data><Data name="plot_type"><value>D TYPE PLOT</value></Data><Data name="sanctioned_area_sqm"><value>115.50</value></Data><Data name="area_sqm"><value>113.48</value></Data><Data name="sector"><value>SECTOR 4</value></Data><Data name="tenure"><value>REGISTERED</value></Data></ExtendedData><Polygon><outerBoundaryIs><LinearRing><coordinates>80.9439336,26.9320387 80.9439293,26.9320011 80.9439264,26.9319758 80.9437639,26.9319894 80.9437709,26.9320523 80.9439336,26.9320387</coordinates></LinearRing></outerBoundaryIs></Polygon></Placemark><Placemark><name>4/248</name><ExtendedData><Data name="plot_no"><value>4/248</value></Data><Data name="count"><value>COUNT</value></Data><Data name="land_use"><value>RESIDENTIAL PLOT</value></Data><Data name="registration_no"><value>2217901</value></Data><Data name="pro_status"><value>R</value></Data><Data name="pro_no"><value>4/248</value></Data><Data name="plot_type"><value>D TYPE PLOT</value></Data><Data name="sanctioned_area_sqm"><value>115.50</value></Data><Data name="area_sqm"><value>113.38</value></Data><Data name="sector"><value>SECTOR 4</value></Data><Data name="tenure"><value>REGISTERED</value></Data></ExtendedData><Polygon><outerBoundaryIs><LinearRing><coordinates>80.9439264,26.9319758 80.9439221,26.9319382 80.9439191,26.9319130 80.9437568,26.9319266 80.9437639,26.9319894 80.9439264,26.9319758</coordinates></LinearRing></outerBoundaryIs></Polygon></Placemark><Placemark><name>4/314</name><ExtendedData><Data name="plot_no"><value>4/314</value></Data><Data name="count"><value>COUNT</value></Data><Data name="land_use"><value>RESIDENTIAL PLOT</value></Data><Data name="registration_no"><value>2224039</value></Data><Data name="pro_status"><value>R</value></Data><Data name="pro_no"><value>4/314</value></Data><Data name="plot_type"><value>D TYPE PLOT</value></Data><Data name="sanctioned_area_sqm"><value>115.50</value></Data><Data name="area_sqm"><value>115.97</value></Data><Data name="sector"><value>SECTOR 4</value></Data><Data name="tenure"><value>REGISTERED</value></Data></ExtendedData><Polygon><outerBoundaryIs><LinearRing><coordinates>80.9450411,26.9319472 80.9450069,26.9318919 80.9448610,26.9319657 80.9448964,26.9320204 80.9450411,26.9319472</coordinates></LinearRing></outerBoundaryIs></Polygon></Placemark><Placemark><name>4/118</name><ExtendedData><Data name="plot_no"><value>4/118</value></Data><Data name="count"><value>COUNT</value></Data><Data name="land_use"><value>RESIDENTIAL PLOT</value></Data><Data name="registration_no"><value>2061465</value></Data><Data name="pro_status"><value>A</value></Data><Data name="pro_no"><value>4/118</value></Data><Data name="plot_type"><value>D TYPE PLOT</value></Data><Data name="sanctioned_area_sqm"><value>115.50</value></Data><Data name="area_sqm"><value>114.44</value></Data><Data name="sector"><value>SECTOR 4</value></Data><Data name="tenure"><value>ALLOTTED</value></Data></ExtendedData><Polygon><outerBoundaryIs><LinearRing><coordinates>80.9436710,26.9319738 80.9436639,26.9319109 80.9434996,26.9319215 80.9434996,26.9319217 80.9435068,26.9319844 80.9435068,26.9319846 80.9435145,26.9319839 80.9436710,26.9319738</coordinates></LinearRing></outerBoundaryIs></Polygon></Placemark><Placemark><name>4/30</name><ExtendedData><Data name="remark"><value>SHORTED PLOT NO(4/34)</value></Data><Data name="plot_no"><value>4/30</value></Data><Data name="count"><value>COUNT</value></Data><Data name="land_use"><value>RESIDENTIAL PLOT</value></Data><Data name="registration_no"><value>2059750</value></Data><Data name="pro_status"><value>R</value></Data><Data name="pro_no"><value>4/30</value></Data><Data name="plot_type"><value>C TYPE PLOT</value></Data><Data name="sanctioned_area_sqm"><value>162</value></Data><Data name="area_sqm"><value>160.7</value></Data><Data name="sector"><value>SECTOR 4</value></Data><Data name="tenure"><value>REGISTERED</value></Data></ExtendedData><Polygon><outerBoundaryIs><LinearRing><coordinates>80.9425762,26.9319869 80.9425685,26.9319059 80.9423898,26.9319235 80.9423917,26.9319439 80.9423974,26.9320045 80.9425762,26.9319869</coordinates></LinearRing></outerBoundaryIs></Polygon></Placemark><Placemark><name>4/300</name><ExtendedData><Data name="plot_no"><value>4/300</value></Data><Data name="count"><value>COUNT</value></Data><Data name="land_use"><value>RESIDENTIAL PLOT</value></Data><Data name="registration_no"><value>2214709</value></Data><Data name="pro_status"><value>A</value></Data><Data name="pro_no"><value>4/300</value></Data><Data name="plot_type"><value>D TYPE PLOT</value></Data><Data name="sanctioned_area_sqm"><value>115.50</value></Data><Data name="area_sqm"><value>177.39</value></Data><Data name="sector"><value>SECTOR 4</value></Data><Data name="tenure"><value>ALLOTTED</value></Data></ExtendedData><Polygon><outerBoundaryIs><LinearRing><coordinates>80.9447040,26.9318757 80.9447025,26.9318732 80.9446480,26.9318792 80.9446266,26.9318815 80.9446270,26.9318844 80.9446434,26.9320263 80.9447880,26.9320095 80.9447040,26.9318757</coordinates></LinearRing></outerBoundaryIs></Polygon></Placemark><Placemark><name>4/41</name><ExtendedData><Data name="plot_no"><value>4/41</value></Data><Data name="count"><value>COUNT</value></Data><Data name="land_use"><value>RESIDENTIAL PLOT</value></Data><Data name="registration_no"><value>2077364</value></Data><Data name="pro_status"><value>A</value></Data><Data name="pro_no"><value>4/41</value></Data><Data name="plot_type"><value>C TYPE PLOT</value></Data><Data name="sanctioned_area_sqm"><value>200</value></Data><Data name="area_sqm"><value>199.6</value></Data><Data name="sector"><value>SECTOR 4</value></Data><Data name="tenure"><value>ALLOTTED</value></Data></ExtendedData><Polygon><outerBoundaryIs><LinearRing><coordinates>80.9423917,26.9319439 80.9423898,26.9319235 80.9423834,26.9318539 80.9421833,26.9318719 80.9421917,26.9319619 80.9423917,26.9319439</coordinates></LinearRing></outerBoundaryIs></Polygon></Placemark><Placemark><name>4/129</name><ExtendedData><Data name="plot_no"><value>4/129</value></Data><Data name="count"><value>COUNT</value></Data><Data name="land_use"><value>RESIDENTIAL PLOT</value></Data><Data name="registration_no"><value>2260760</value></Data><Data name="pro_status"><value>R</value></Data><Data name="pro_no"><value>4/129</value></Data><Data name="plot_type"><value>D TYPE PLOT</value></Data><Data name="sanctioned_area_sqm"><value>115.50</value></Data><Data name="area_sqm"><value>118.2</value></Data><Data name="sector"><value>SECTOR 4</value></Data><Data name="tenure"><value>REGISTERED</value></Data></ExtendedData><Polygon><outerBoundaryIs><LinearRing><coordinates>80.9435068,26.9319846 80.9435068,26.9319844 80.9434996,26.9319217 80.9433302,26.9319358 80.9433375,26.9319987 80.9435068,26.9319846</coordinates></LinearRing></outerBoundaryIs></Polygon></Placemark><Placemark><name>4/301</name><ExtendedData><Data name="plot_no"><value>4/301</value></Data><Data name="count"><value>COUNT</value></Data><Data name="land_use"><value>RESIDENTIAL PLOT</value></Data><Data name="registration_no"><value>2327106</value></Data><Data name="pro_status"><value>R</value></Data><Data name="pro_no"><value>4/301</value></Data><Data name="plot_type"><value>D TYPE PLOT</value></Data><Data name="sanctioned_area_sqm"><value>115.50</value></Data><Data name="area_sqm"><value>108.93</value></Data><Data name="sector"><value>SECTOR 4</value></Data><Data name="tenure"><value>REGISTERED</value></Data></ExtendedData><Polygon><outerBoundaryIs><LinearRing><coordinates>80.9446270,26.9318844 80.9446266,26.9318815 80.9445748,26.9318872 80.9445587,26.9318892 80.9445590,26.9318920 80.9445765,26.9320341 80.9446434,26.9320263 80.9446270,26.9318844</coordinates></LinearRing></outerBoundaryIs></Polygon></Placemark><Placemark><name>4/303</name><ExtendedData><Data name="plot_no"><value>4/303</value></Data><Data name="count"><value>COUNT</value></Data><Data name="land_use"><value>RESIDENTIAL PLOT</value></Data><Data name="registration_no"><value>2076754</value></Data><Data name="pro_status"><value>R</value></Data><Data name="pro_no"><value>4/303</value></Data><Data name="plot_type"><value>D TYPE PLOT</value></Data><Data name="sanctioned_area_sqm"><value>115.50</value></Data><Data name="area_sqm"><value>109.85</value></Data><Data name="sector"><value>SECTOR 4</value></Data><Data name="tenure"><value>REGISTERED</value></Data></ExtendedData><Polygon><outerBoundaryIs><LinearRing><coordinates>80.9444853,26.9319003 80.9444851,26.9318986 80.9444490,26.9319024 80.9444183,26.9319057 80.9444186,26.9319079 80.9444344,26.9320507 80.9445041,26.9320426 80.9444853,26.9319003</coordinates></LinearRing></outerBoundaryIs></Polygon></Placemark><Placemark><name>4/261</name><ExtendedData><Data name="remark"><value>SHORTED PLOT NO(4/255,256,257,258)</value></Data><Data name="plot_no"><value>4/261</value></Data><Data name="count"><value>COUNT</value></Data><Data name="land_use"><value>RESIDENTIAL PLOT</value></Data><Data name="registration_no"><value>2076390</value></Data><Data name="pro_status"><value>R</value></Data><Data name="pro_no"><value>4/261</value></Data><Data name="plot_type"><value>D TYPE PLOT</value></Data><Data name="sanctioned_area_sqm"><value>115.50</value></Data><Data name="area_sqm"><value>117.98</value></Data><Data name="sector"><value>SECTOR 4</value></Data><Data name="tenure"><value>REGISTERED</value></Data></ExtendedData><Polygon><outerBoundaryIs><LinearRing><coordinates>80.9441055,26.9320484 80.9441014,26.9320141 80.9440980,26.9319856 80.9439293,26.9320011 80.9439336,26.9320387 80.9439365,26.9320639 80.9441055,26.9320484</coordinates></LinearRing></outerBoundaryIs></Polygon></Placemark><Placemark><name>4/315</name><ExtendedData><Data name="plot_no"><value>4/315</value></Data><Data name="count"><value>COUNT</value></Data><Data name="land_use"><value>RESIDENTIAL PLOT</value></Data><Data name="registration_no"><value>2215913</value></Data><Data name="pro_status"><value>R</value></Data><Data name="pro_no"><value>4/315</value></Data><Data name="plot_type"><value>D TYPE PLOT</value></Data><Data name="sanctioned_area_sqm"><value>115.50</value></Data><Data name="area_sqm"><value>115.08</value></Data><Data name="sector"><value>SECTOR 4</value></Data><Data name="tenure"><value>REGISTERED</value></Data></ExtendedData><Polygon><outerBoundaryIs><LinearRing><coordinates>80.9450754,26.9320024 80.9450411,26.9319472 80.9448964,26.9320204 80.9449317,26.9320751 80.9450754,26.9320024</coordinates></LinearRing></outerBoundaryIs></Polygon></Placemark><Placemark><name>4/305</name><ExtendedData><Data name="plot_no"><value>4/305</value></Data><Data name="count"><value>COUNT</value></Data><Data name="land_use"><value>RESIDENTIAL PLOT</value></Data><Data name="registration_no"><value>2215948</value></Data><Data name="pro_status"><value>R</value></Data><Data name="pro_no"><value>4/305</value></Data><Data name="plot_type"><value>D TYPE PLOT</value></Data><Data name="sanctioned_area_sqm"><value>115.50</value></Data><Data name="area_sqm"><value>114.6</value></Data><Data name="sector"><value>SECTOR 4</value></Data><Data name="tenure"><value>REGISTERED</value></Data></ExtendedData><Polygon><outerBoundaryIs><LinearRing><coordinates>80.9443449,26.9319162 80.9443445,26.9319132 80.9442747,26.9319192 80.9442746,26.9319222 80.9442749,26.9319240 80.9442930,26.9320672 80.9443629,26.9320590 80.9443449,26.9319162</coordinates></LinearRing></outerBoundaryIs></Polygon></Placemark><Placemark><name>4/117</name><ExtendedData><Data name="plot_no"><value>4/117</value></Data><Data name="count"><value>COUNT</value></Data><Data name="land_use"><value>RESIDENTIAL PLOT</value></Data><Data name="registration_no"><value>2153021</value></Data><Data name="pro_status"><value>R</value></Data><Data name="pro_no"><value>4/117</value></Data><Data name="plot_type"><value>D TYPE PLOT</value></Data><Data name="sanctioned_area_sqm"><value>115.50</value></Data><Data name="area_sqm"><value>114.32</value></Data><Data name="sector"><value>SECTOR 4</value></Data><Data name="tenure"><value>REGISTERED</value></Data></ExtendedData><Polygon><outerBoundaryIs><LinearRing><coordinates>80.9436781,26.9320367 80.9436710,26.9319738 80.9435145,26.9319839 80.9435068,26.9319846 80.9435141,26.9320473 80.9435141,26.9320474 80.9435203,26.9320469 80.9436781,26.9320367</coordinates></LinearRing></outerBoundaryIs></Polygon></Placemark><Placemark><name>4/31</name><ExtendedData><Data name="remark"><value>SHORTED PLOT NO(4/34)</value></Data><Data name="plot_no"><value>4/31</value></Data><Data name="count"><value>COUNT</value></Data><Data name="land_use"><value>RESIDENTIAL PLOT</value></Data><Data name="registration_no"><value>2315780</value></Data><Data name="pro_status"><value>R</value></Data><Data name="pro_no"><value>4/31</value></Data><Data name="plot_type"><value>C TYPE PLOT</value></Data><Data name="sanctioned_area_sqm"><value>162</value></Data><Data name="area_sqm"><value>160.84</value></Data><Data name="sector"><value>SECTOR 4</value></Data><Data name="tenure"><value>REGISTERED</value></Data></ExtendedData><Polygon><outerBoundaryIs><LinearRing><coordinates>80.9425839,26.9320679 80.9425762,26.9319869 80.9423974,26.9320045 80.9424001,26.9320339 80.9424049,26.9320855 80.9425839,26.9320679</coordinates></LinearRing></outerBoundaryIs></Polygon></Placemark><Placemark><name>4/306</name><ExtendedData><Data name="plot_no"><value>4/306</value></Data><Data name="count"><value>COUNT</value></Data><Data name="land_use"><value>RESIDENTIAL PLOT</value></Data><Data name="registration_no"><value>2214717</value></Data><Data name="pro_status"><value>R</value></Data><Data name="pro_no"><value>4/306</value></Data><Data name="plot_type"><value>D TYPE PLOT</value></Data><Data name="sanctioned_area_sqm"><value>115.50</value></Data><Data name="area_sqm"><value>149.93</value></Data><Data name="sector"><value>SECTOR 4</value></Data><Data name="tenure"><value>REGISTERED</value></Data></ExtendedData><Polygon><outerBoundaryIs><LinearRing><coordinates>80.9442749,26.9319240 80.9442746,26.9319222 80.9442691,26.9319228 80.9441828,26.9319315 80.9441831,26.9319344 80.9441861,26.9319594 80.9441916,26.9320055 80.9442002,26.9320780 80.9442930,26.9320672 80.9442749,26.9319240</coordinates></LinearRing></outerBoundaryIs></Polygon></Placemark><Placemark><name>4/130</name><ExtendedData><Data name="plot_no"><value>4/130</value></Data><Data name="count"><value>COUNT</value></Data><Data name="land_use"><value>RESIDENTIAL PLOT</value></Data><Data name="registration_no"><value>2070185</value></Data><Data name="pro_status"><value>R</value></Data><Data name="pro_no"><value>4/130</value></Data><Data name="plot_type"><value>D TYPE PLOT</value></Data><Data name="sanctioned_area_sqm"><value>115.50</value></Data><Data name="area_sqm"><value>118.2</value></Data><Data name="sector"><value>SECTOR 4</value></Data><Data name="tenure"><value>REGISTERED</value></Data></ExtendedData><Polygon><outerBoundaryIs><LinearRing><coordinates>80.9435141,26.9320474 80.9435141,26.9320473 80.9435068,26.9319846 80.9433375,26.9319987 80.9433447,26.9320615 80.9435141,26.9320474</coordinates></LinearRing></outerBoundaryIs></Polygon></Placemark><Placemark><name>4/40</name><ExtendedData><Data name="plot_no"><value>4/40</value></Data><Data name="count"><value>COUNT</value></Data><Data name="land_use"><value>RESIDENTIAL PLOT</value></Data><Data name="registration_no"><value>2260570</value></Data><Data name="pro_status"><value>A</value></Data><Data name="pro_no"><value>4/40</value></Data><Data name="plot_type"><value>C TYPE PLOT</value></Data><Data name="sanctioned_area_sqm"><value>200</value></Data><Data name="area_sqm"><value>199.52</value></Data><Data name="sector"><value>SECTOR 4</value></Data><Data name="tenure"><value>ALLOTTED</value></Data></ExtendedData><Polygon><outerBoundaryIs><LinearRing><coordinates>80.9424001,26.9320339 80.9423974,26.9320045 80.9423917,26.9319439 80.9421917,26.9319619 80.9422002,26.9320518 80.9424001,26.9320339</coordinates></LinearRing></outerBoundaryIs></Polygon></Placemark><Placemark><name>4/316</name><ExtendedData><Data name="plot_no"><value>4/316</value></Data><Data name="count"><value>COUNT</value></Data><Data name="land_use"><value>RESIDENTIAL PLOT</value></Data><Data name="registration_no"><value>2224098</value></Data><Data name="pro_status"><value>A</value></Data><Data name="pro_no"><value>4/316</value></Data><Data name="plot_type"><value>D TYPE PLOT</value></Data><Data name="sanctioned_area_sqm"><value>115.50</value></Data><Data name="area_sqm"><value>114.19</value></Data><Data name="sector"><value>SECTOR 4</value></Data><Data name="tenure"><value>ALLOTTED</value></Data></ExtendedData><Polygon><outerBoundaryIs><LinearRing><coordinates>80.9451096,26.9320577 80.9450754,26.9320024 80.9449317,26.9320751 80.9449671,26.9321298 80.9451096,26.9320577</coordinates></LinearRing></outerBoundaryIs></Polygon></Placemark><Placemark><name>4/246</name><ExtendedData><Data name="plot_no"><value>4/246</value></Data><Data name="count"><value>COUNT</value></Data><Data name="land_use"><value>RESIDENTIAL PLOT</value></Data><Data name="registration_no"><value>2079047</value></Data><Data name="pro_status"><value>A</value></Data><Data name="pro_no"><value>4/246</value></Data><Data name="plot_type"><value>D TYPE PLOT</value></Data><Data name="sanctioned_area_sqm"><value>115.50</value></Data><Data name="area_sqm"><value>113.58</value></Data><Data name="sector"><value>SECTOR 4</value></Data><Data name="tenure"><value>ALLOTTED</value></Data></ExtendedData><Polygon><outerBoundaryIs><LinearRing><coordinates>80.9439408,26.9321016 80.9439365,26.9320639 80.9439336,26.9320387 80.9437709,26.9320523 80.9437780,26.9321152 80.9439408,26.9321016</coordinates></LinearRing></outerBoundaryIs></Polygon></Placemark><Placemark><name>4/116</name><ExtendedData><Data name="plot_no"><value>4/116</value></Data><Data name="count"><value>COUNT</value></Data><Data name="land_use"><value>RESIDENTIAL PLOT</value></Data><Data name="registration_no"><value>2053347</value></Data><Data name="pro_status"><value>R</value></Data><Data name="pro_no"><value>4/116</value></Data><Data name="plot_type"><value>D TYPE PLOT</value></Data><Data name="sanctioned_area_sqm"><value>115.50</value></Data><Data name="area_sqm"><value>113.42</value></Data><Data name="sector"><value>SECTOR 4</value></Data><Data name="tenure"><value>REGISTERED</value></Data></ExtendedData><Polygon><outerBoundaryIs><LinearRing><coordinates>80.9436851,26.9320992 80.9436781,26.9320367 80.9435203,26.9320469 80.9435141,26.9320474 80.9435213,26.9321098 80.9436851,26.9320992</coordinates></LinearRing></outerBoundaryIs></Polygon></Placemark><Placemark><name>4/131</name><ExtendedData><Data name="plot_no"><value>4/131</value></Data><Data name="count"><value>COUNT</value></Data><Data name="land_use"><value>RESIDENTIAL PLOT</value></Data><Data name="registration_no"><value>2061698</value></Data><Data name="pro_status"><value>R</value></Data><Data name="pro_no"><value>4/131</value></Data><Data name="plot_type"><value>D TYPE PLOT</value></Data><Data name="sanctioned_area_sqm"><value>115.50</value></Data><Data name="area_sqm"><value>118.2</value></Data><Data name="sector"><value>SECTOR 4</value></Data><Data name="tenure"><value>REGISTERED</value></Data></ExtendedData><Polygon><outerBoundaryIs><LinearRing><coordinates>80.9435213,26.9321103 80.9435213,26.9321098 80.9435141,26.9320474 80.9433447,26.9320615 80.9433520,26.9321244 80.9435213,26.9321103</coordinates></LinearRing></outerBoundaryIs></Polygon></Placemark><Placemark><name>4/317</name><ExtendedData><Data name="plot_no"><value>4/317</value></Data><Data name="count"><value>COUNT</value></Data><Data name="land_use"><value>RESIDENTIAL PLOT</value></Data><Data name="registration_no"><value>2079478</value></Data><Data name="pro_status"><value>R</value></Data><Data name="pro_no"><value>4/317</value></Data><Data name="plot_type"><value>D TYPE PLOT</value></Data><Data name="sanctioned_area_sqm"><value>115.50</value></Data><Data name="area_sqm"><value>113.64</value></Data><Data name="sector"><value>SECTOR 4</value></Data><Data name="tenure"><value>REGISTERED</value></Data></ExtendedData><Polygon><outerBoundaryIs><LinearRing><coordinates>80.9451450,26.9321123 80.9451198,26.9320740 80.9451096,26.9320577 80.9449671,26.9321298 80.9449804,26.9321504 80.9450024,26.9321845 80.9451450,26.9321123</coordinates></LinearRing></outerBoundaryIs></Polygon></Placemark><Placemark><name>4/245</name><ExtendedData><Data name="plot_no"><value>4/245</value></Data><Data name="count"><value>COUNT</value></Data><Data name="land_use"><value>RESIDENTIAL PLOT</value></Data><Data name="registration_no"><value>2249905</value></Data><Data name="pro_status"><value>A</value></Data><Data name="pro_no"><value>4/245</value></Data><Data name="plot_type"><value>D TYPE PLOT</value></Data><Data name="sanctioned_area_sqm"><value>115.50</value></Data><Data name="area_sqm"><value>113.68</value></Data><Data name="sector"><value>SECTOR 4</value></Data><Data name="tenure"><value>ALLOTTED</value></Data></ExtendedData><Polygon><outerBoundaryIs><LinearRing><coordinates>80.9439480,26.9321644 80.9439437,26.9321268 80.9439408,26.9321016 80.9437780,26.9321152 80.9437851,26.9321781 80.9439480,26.9321644</coordinates></LinearRing></outerBoundaryIs></Polygon></Placemark><Placemark><name>4/115</name><ExtendedData><Data name="plot_no"><value>4/115</value></Data><Data name="count"><value>COUNT</value></Data><Data name="land_use"><value>RESIDENTIAL PLOT</value></Data><Data name="registration_no"><value>2059030</value></Data><Data name="pro_status"><value>R</value></Data><Data name="pro_no"><value>4/115</value></Data><Data name="plot_type"><value>D TYPE PLOT</value></Data><Data name="sanctioned_area_sqm"><value>115.50</value></Data><Data name="area_sqm"><value>113.94</value></Data><Data name="sector"><value>SECTOR 4</value></Data><Data name="tenure"><value>REGISTERED</value></Data></ExtendedData><Polygon><outerBoundaryIs><LinearRing><coordinates>80.9436922,26.9321621 80.9436851,26.9320992 80.9435213,26.9321098 80.9435213,26.9321103 80.9435285,26.9321725 80.9436922,26.9321621</coordinates></LinearRing></outerBoundaryIs></Polygon></Placemark><Placemark><name>4/39</name><ExtendedData><Data name="plot_no"><value>4/39</value></Data><Data name="count"><value>COUNT</value></Data><Data name="land_use"><value>RESIDENTIAL PLOT</value></Data><Data name="registration_no"><value>2076537</value></Data><Data name="pro_status"><value>R</value></Data><Data name="pro_no"><value>4/39</value></Data><Data name="plot_type"><value>C TYPE PLOT</value></Data><Data name="sanctioned_area_sqm"><value>200</value></Data><Data name="area_sqm"><value>199.43</value></Data><Data name="sector"><value>SECTOR 4</value></Data><Data name="tenure"><value>REGISTERED</value></Data></ExtendedData><Polygon><outerBoundaryIs><LinearRing><coordinates>80.9424085,26.9321238 80.9424049,26.9320855 80.9424001,26.9320339 80.9422002,26.9320518 80.9422086,26.9321412 80.9422086,26.9321418 80.9424085,26.9321238</coordinates></LinearRing></outerBoundaryIs></Polygon></Placemark><Placemark><name>4/262</name><ExtendedData><Data name="remark"><value>SHORTED PLOT NO(4/255,256,257,258)</value></Data><Data name="plot_no"><value>4/262</value></Data><Data name="count"><value>COUNT</value></Data><Data name="land_use"><value>RESIDENTIAL PLOT</value></Data><Data name="registration_no"><value>2458241</value></Data><Data name="pro_status"><value>R</value></Data><Data name="pro_no"><value>4/262</value></Data><Data name="plot_type"><value>D TYPE PLOT</value></Data><Data name="sanctioned_area_sqm"><value>115.50</value></Data><Data name="area_sqm"><value>118.15</value></Data><Data name="sector"><value>SECTOR 4</value></Data><Data name="tenure"><value>REGISTERED</value></Data></ExtendedData><Polygon><outerBoundaryIs><LinearRing><coordinates>80.9441130,26.9321113 80.9441055,26.9320484 80.9439365,26.9320639 80.9439408,26.9321016 80.9439437,26.9321268 80.9441130,26.9321113</coordinates></LinearRing></outerBoundaryIs></Polygon></Placemark><Placemark><name>4/185</name><ExtendedData><Data name="plot_no"><value>4/185</value></Data><Data name="count"><value>COUNT</value></Data><Data name="land_use"><value>RESIDENTIAL PLOT</value></Data><Data name="registration_no"><value>2078707</value></Data><Data name="pro_status"><value>R</value></Data><Data name="pro_no"><value>4/185</value></Data><Data name="plot_type"><value>D TYPE PLOT</value></Data><Data name="sanctioned_area_sqm"><value>115.50</value></Data><Data name="area_sqm"><value>144.68</value></Data><Data name="sector"><value>SECTOR 4</value></Data><Data name="tenure"><value>REGISTERED</value></Data></ExtendedData><Polygon><outerBoundaryIs><LinearRing><coordinates>80.9445455,26.9321975 80.9445358,26.9321174 80.9443723,26.9321345 80.9443817,26.9322134 80.9445455,26.9321975</coordinates></LinearRing></outerBoundaryIs></Polygon></Placemark><Placemark><name>4/132</name><ExtendedData><Data name="plot_no"><value>4/132</value></Data><Data name="count"><value>COUNT</value></Data><Data name="land_use"><value>RESIDENTIAL PLOT</value></Data><Data name="registration_no"><value>2309171</value></Data><Data name="pro_status"><value>R</value></Data><Data name="pro_no"><value>4/132</value></Data><Data name="plot_type"><value>D TYPE PLOT</value></Data><Data name="sanctioned_area_sqm"><value>115.50</value></Data><Data name="area_sqm"><value>118.2</value></Data><Data name="sector"><value>SECTOR 4</value></Data><Data name="tenure"><value>REGISTERED</value></Data></ExtendedData><Polygon><outerBoundaryIs><LinearRing><coordinates>80.9435286,26.9321732 80.9435285,26.9321725 80.9435213,26.9321103 80.9433520,26.9321244 80.9433592,26.9321873 80.9435286,26.9321732</coordinates></LinearRing></outerBoundaryIs></Polygon></Placemark><Placemark><name>4/33</name><ExtendedData><Data name="remark"><value>SHORTED PLOT NO(4/34)</value></Data><Data name="plot_no"><value>4/33</value></Data><Data name="count"><value>COUNT</value></Data><Data name="land_use"><value>RESIDENTIAL PLOT</value></Data><Data name="registration_no"><value>2068213</value></Data><Data name="pro_status"><value>R</value></Data><Data name="pro_no"><value>4/33</value></Data><Data name="plot_type"><value>C TYPE PLOT</value></Data><Data name="sanctioned_area_sqm"><value>162</value></Data><Data name="area_sqm"><value>161.13</value></Data><Data name="sector"><value>SECTOR 4</value></Data><Data name="tenure"><value>REGISTERED</value></Data></ExtendedData><Polygon><outerBoundaryIs><LinearRing><coordinates>80.9425993,26.9322298 80.9425916,26.9321489 80.9424124,26.9321665 80.9424168,26.9322138 80.9424200,26.9322476 80.9425993,26.9322298</coordinates></LinearRing></outerBoundaryIs></Polygon></Placemark><Placemark><name>4/32</name><ExtendedData><Data name="remark"><value>SHORTED PLOT NO(4/34)</value></Data><Data name="plot_no"><value>4/32</value></Data><Data name="count"><value>COUNT</value></Data><Data name="land_use"><value>RESIDENTIAL PLOT</value></Data><Data name="registration_no"><value>2205400</value></Data><Data name="pro_status"><value>R</value></Data><Data name="pro_no"><value>4/32</value></Data><Data name="plot_type"><value>C TYPE PLOT</value></Data><Data name="sanctioned_area_sqm"><value>162</value></Data><Data name="area_sqm"><value>160.99</value></Data><Data name="sector"><value>SECTOR 4</value></Data><Data name="tenure"><value>REGISTERED</value></Data></ExtendedData><Polygon><outerBoundaryIs><LinearRing><coordinates>80.9425916,26.9321489 80.9425839,26.9320679 80.9424049,26.9320855 80.9424085,26.9321238 80.9424124,26.9321665 80.9425916,26.9321489</coordinates></LinearRing></outerBoundaryIs></Polygon></Placemark><Placemark><name>4/318</name><ExtendedData><Data name="plot_no"><value>4/318</value></Data><Data name="count"><value>COUNT</value></Data><Data name="land_use"><value>RESIDENTIAL PLOT</value></Data><Data name="registration_no"><value>2061671</value></Data><Data name="pro_status"><value>R</value></Data><Data name="pro_no"><value>4/318</value></Data><Data name="plot_type"><value>D TYPE PLOT</value></Data><Data name="sanctioned_area_sqm"><value>115.50</value></Data><Data name="area_sqm"><value>114.07</value></Data><Data name="sector"><value>SECTOR 4</value></Data><Data name="tenure"><value>REGISTERED</value></Data></ExtendedData><Polygon><outerBoundaryIs><LinearRing><coordinates>80.9451809,26.9321668 80.9451450,26.9321123 80.9450024,26.9321845 80.9450376,26.9322392 80.9451809,26.9321668</coordinates></LinearRing></outerBoundaryIs></Polygon></Placemark><Placemark><name>4/186</name><ExtendedData><Data name="plot_no"><value>4/186</value></Data><Data name="count"><value>COUNT</value></Data><Data name="land_use"><value>RESIDENTIAL PLOT</value></Data><Data name="registration_no"><value>2076018</value></Data><Data name="pro_status"><value>R</value></Data><Data name="pro_no"><value>4/186</value></Data><Data name="plot_type"><value>D TYPE PLOT</value></Data><Data name="sanctioned_area_sqm"><value>115.50</value></Data><Data name="area_sqm"><value>142.28</value></Data><Data name="sector"><value>SECTOR 4</value></Data><Data name="tenure"><value>REGISTERED</value></Data></ExtendedData><Polygon><outerBoundaryIs><LinearRing><coordinates>80.9443817,26.9322134 80.9443723,26.9321345 80.9442089,26.9321516 80.9442182,26.9322293 80.9443817,26.9322134</coordinates></LinearRing></outerBoundaryIs></Polygon></Placemark><Placemark><name>4/244</name><ExtendedData><Data name="plot_no"><value>4/244</value></Data><Data name="count"><value>COUNT</value></Data><Data name="land_use"><value>RESIDENTIAL PLOT</value></Data><Data name="registration_no"><value>2249964</value></Data><Data name="pro_status"><value>R</value></Data><Data name="pro_no"><value>4/244</value></Data><Data name="plot_type"><value>D TYPE PLOT</value></Data><Data name="sanctioned_area_sqm"><value>115.50</value></Data><Data name="area_sqm"><value>110.92</value></Data><Data name="sector"><value>SECTOR 4</value></Data><Data name="tenure"><value>REGISTERED</value></Data></ExtendedData><Polygon><outerBoundaryIs><LinearRing><coordinates>80.9439556,26.9322263 80.9439511,26.9321897 80.9439494,26.9321760 80.9439480,26.9321644 80.9437851,26.9321781 80.9437919,26.9322387 80.9439556,26.9322263</coordinates></LinearRing></outerBoundaryIs></Polygon></Placemark><Placemark><name>4/114</name><ExtendedData><Data name="plot_no"><value>4/114</value></Data><Data name="count"><value>COUNT</value></Data><Data name="land_use"><value>RESIDENTIAL PLOT</value></Data><Data name="registration_no"><value>2273432</value></Data><Data name="pro_status"><value>R</value></Data><Data name="pro_no"><value>4/114</value></Data><Data name="plot_type"><value>D TYPE PLOT</value></Data><Data name="sanctioned_area_sqm"><value>115.50</value></Data><Data name="area_sqm"><value>114.16</value></Data><Data name="sector"><value>SECTOR 4</value></Data><Data name="tenure"><value>REGISTERED</value></Data></ExtendedData><Polygon><outerBoundaryIs><LinearRing><coordinates>80.9436992,26.9322245 80.9436922,26.9321621 80.9435285,26.9321725 80.9435286,26.9321732 80.9435358,26.9322361 80.9436992,26.9322245</coordinates></LinearRing></outerBoundaryIs></Polygon></Placemark><Placemark><name>4/264</name><ExtendedData><Data name="remark"><value>SHORTED PLOT NO(4/255,256,257,258)</value></Data><Data name="plot_no"><value>4/264</value></Data><Data name="count"><value>COUNT</value></Data><Data name="land_use"><value>RESIDENTIAL PLOT</value></Data><Data name="registration_no"><value>2078180</value></Data><Data name="pro_status"><value>R</value></Data><Data name="pro_no"><value>4/264</value></Data><Data name="plot_type"><value>D TYPE PLOT</value></Data><Data name="sanctioned_area_sqm"><value>115.50</value></Data><Data name="area_sqm"><value>118.21</value></Data><Data name="sector"><value>SECTOR 4</value></Data><Data name="tenure"><value>REGISTERED</value></Data></ExtendedData><Polygon><outerBoundaryIs><LinearRing><coordinates>80.9441279,26.9322370 80.9441205,26.9321741 80.9439511,26.9321897 80.9439556,26.9322263 80.9439588,26.9322525 80.9441279,26.9322370</coordinates></LinearRing></outerBoundaryIs></Polygon></Placemark><Placemark><name>4/133</name><ExtendedData><Data name="plot_no"><value>4/133</value></Data><Data name="count"><value>COUNT</value></Data><Data name="land_use"><value>RESIDENTIAL PLOT</value></Data><Data name="registration_no"><value>2070466</value></Data><Data name="pro_status"><value>R</value></Data><Data name="pro_no"><value>4/133</value></Data><Data name="plot_type"><value>D TYPE PLOT</value></Data><Data name="sanctioned_area_sqm"><value>115.50</value></Data><Data name="area_sqm"><value>119.17</value></Data><Data name="sector"><value>SECTOR 4</value></Data><Data name="tenure"><value>REGISTERED</value></Data></ExtendedData><Polygon><outerBoundaryIs><LinearRing><coordinates>80.9434456,26.9322441 80.9435346,26.9322362 80.9435358,26.9322361 80.9435286,26.9321732 80.9433592,26.9321873 80.9433665,26.9322511 80.9434456,26.9322441</coordinates></LinearRing></outerBoundaryIs></Polygon></Placemark><Placemark><name>4/319</name><ExtendedData><Data name="plot_no"><value>4/319</value></Data><Data name="count"><value>COUNT</value></Data><Data name="land_use"><value>RESIDENTIAL PLOT</value></Data><Data name="registration_no"><value>2078959</value></Data><Data name="pro_status"><value>R</value></Data><Data name="pro_no"><value>4/319</value></Data><Data name="plot_type"><value>D TYPE PLOT</value></Data><Data name="sanctioned_area_sqm"><value>115.50</value></Data><Data name="area_sqm"><value>114.56</value></Data><Data name="sector"><value>SECTOR 4</value></Data><Data name="tenure"><value>REGISTERED</value></Data></ExtendedData><Polygon><outerBoundaryIs><LinearRing><coordinates>80.9452167,26.9322212 80.9451809,26.9321668 80.9450376,26.9322392 80.9450728,26.9322940 80.9452167,26.9322212</coordinates></LinearRing></outerBoundaryIs></Polygon></Placemark><Placemark><name>4/184</name><ExtendedData><Data name="plot_no"><value>4/184</value></Data><Data name="count"><value>COUNT</value></Data><Data name="land_use"><value>RESIDENTIAL PLOT</value></Data><Data name="registration_no"><value>2076853</value></Data><Data name="pro_status"><value>R</value></Data><Data name="pro_no"><value>4/184</value></Data><Data name="plot_type"><value>D TYPE PLOT</value></Data><Data name="sanctioned_area_sqm"><value>115.50</value></Data><Data name="area_sqm"><value>114.49</value></Data><Data name="sector"><value>SECTOR 4</value></Data><Data name="tenure"><value>REGISTERED</value></Data></ExtendedData><Polygon><outerBoundaryIs><LinearRing><coordinates>80.9445529,26.9322603 80.9445455,26.9321975 80.9443817,26.9322134 80.9443891,26.9322762 80.9445529,26.9322603</coordinates></LinearRing></outerBoundaryIs></Polygon></Placemark><Placemark><name>4/38</name><ExtendedData><Data name="plot_no"><value>4/38</value></Data><Data name="count"><value>COUNT</value></Data><Data name="land_use"><value>RESIDENTIAL PLOT</value></Data><Data name="registration_no"><value>2076901</value></Data><Data name="pro_status"><value>R</value></Data><Data name="pro_no"><value>4/38</value></Data><Data name="plot_type"><value>C TYPE PLOT</value></Data><Data name="sanctioned_area_sqm"><value>200</value></Data><Data name="area_sqm"><value>199.37</value></Data><Data name="sector"><value>SECTOR 4</value></Data><Data name="tenure"><value>REGISTERED</value></Data></ExtendedData><Polygon><outerBoundaryIs><LinearRing><coordinates>80.9424168,26.9322138 80.9424124,26.9321665 80.9424085,26.9321238 80.9422086,26.9321418 80.9422170,26.9322318 80.9424168,26.9322138</coordinates></LinearRing></outerBoundaryIs></Polygon></Placemark><Placemark><name>4/187</name><ExtendedData><Data name="plot_no"><value>4/187</value></Data><Data name="count"><value>COUNT</value></Data><Data name="land_use"><value>RESIDENTIAL PLOT</value></Data><Data name="registration_no"><value>2078429</value></Data><Data name="pro_status"><value>R</value></Data><Data name="pro_no"><value>4/187</value></Data><Data name="plot_type"><value>D TYPE PLOT</value></Data><Data name="sanctioned_area_sqm"><value>115.50</value></Data><Data name="area_sqm"><value>114.28</value></Data><Data name="sector"><value>SECTOR 4</value></Data><Data name="tenure"><value>REGISTERED</value></Data></ExtendedData><Polygon><outerBoundaryIs><LinearRing><coordinates>80.9443891,26.9322762 80.9443817,26.9322134 80.9442182,26.9322293 80.9442256,26.9322921 80.9443891,26.9322762</coordinates></LinearRing></outerBoundaryIs></Polygon></Placemark><Placemark><name>4/243</name><ExtendedData><Data name="plot_no"><value>4/243</value></Data><Data name="count"><value>COUNT</value></Data><Data name="land_use"><value>RESIDENTIAL PLOT</value></Data><Data name="registration_no"><value>2076093</value></Data><Data name="pro_status"><value>A</value></Data><Data name="pro_no"><value>4/243</value></Data><Data name="plot_type"><value>D TYPE PLOT</value></Data><Data name="sanctioned_area_sqm"><value>115.50</value></Data><Data name="area_sqm"><value>114.38</value></Data><Data name="sector"><value>SECTOR 4</value></Data><Data name="tenure"><value>ALLOTTED</value></Data></ExtendedData><Polygon><outerBoundaryIs><LinearRing><coordinates>80.9439634,26.9322892 80.9439588,26.9322525 80.9439556,26.9322263 80.9437919,26.9322387 80.9437990,26.9323015 80.9439634,26.9322892</coordinates></LinearRing></outerBoundaryIs></Polygon></Placemark><Placemark><name>4/113</name><ExtendedData><Data name="plot_no"><value>4/113</value></Data><Data name="count"><value>COUNT</value></Data><Data name="land_use"><value>RESIDENTIAL PLOT</value></Data><Data name="registration_no"><value>2363257</value></Data><Data name="pro_status"><value>A</value></Data><Data name="pro_no"><value>4/113</value></Data><Data name="plot_type"><value>D TYPE PLOT</value></Data><Data name="sanctioned_area_sqm"><value>115.50</value></Data><Data name="area_sqm"><value>115.26</value></Data><Data name="sector"><value>SECTOR 4</value></Data><Data name="tenure"><value>ALLOTTED</value></Data></ExtendedData><Polygon><outerBoundaryIs><LinearRing><coordinates>80.9437064,26.9322881 80.9436992,26.9322245 80.9435358,26.9322361 80.9435432,26.9322999 80.9437064,26.9322881</coordinates></LinearRing></outerBoundaryIs></Polygon></Placemark><Placemark><name>4/265</name><ExtendedData><Data name="remark"><value>SHORTED PLOT NO(4/255,256,257,258)</value></Data><Data name="plot_no"><value>4/265</value></Data><Data name="count"><value>COUNT</value></Data><Data name="land_use"><value>RESIDENTIAL PLOT</value></Data><Data name="registration_no"><value>2077412</value></Data><Data name="pro_status"><value>A</value></Data><Data name="pro_no"><value>4/265</value></Data><Data name="plot_type"><value>D TYPE PLOT</value></Data><Data name="sanctioned_area_sqm"><value>115.50</value></Data><Data name="area_sqm"><value>118.0</value></Data><Data name="sector"><value>SECTOR 4</value></Data><Data name="tenure"><value>ALLOTTED</value></Data></ExtendedData><Polygon><outerBoundaryIs><LinearRing><coordinates>80.9441354,26.9322998 80.9441279,26.9322370 80.9439588,26.9322525 80.9439634,26.9322892 80.9439666,26.9323153 80.9441354,26.9322998</coordinates></LinearRing></outerBoundaryIs></Polygon></Placemark><Placemark><name>4/320</name><ExtendedData><Data name="plot_no"><value>4/320</value></Data><Data name="count"><value>COUNT</value></Data><Data name="land_use"><value>RESIDENTIAL PLOT</value></Data><Data name="registration_no"><value>2078354</value></Data><Data name="pro_status"><value>R</value></Data><Data name="pro_no"><value>4/320</value></Data><Data name="plot_type"><value>D TYPE PLOT</value></Data><Data name="sanctioned_area_sqm"><value>115.50</value></Data><Data name="area_sqm"><value>115.06</value></Data><Data name="sector"><value>SECTOR 4</value></Data><Data name="tenure"><value>REGISTERED</value></Data></ExtendedData><Polygon><outerBoundaryIs><LinearRing><coordinates>80.9452526,26.9322756 80.9452167,26.9322212 80.9450728,26.9322940 80.9451081,26.9323487 80.9452526,26.9322756</coordinates></LinearRing></outerBoundaryIs></Polygon></Placemark><Placemark><name>4/183</name><ExtendedData><Data name="plot_no"><value>4/183</value></Data><Data name="count"><value>COUNT</value></Data><Data name="land_use"><value>RESIDENTIAL PLOT</value></Data><Data name="registration_no"><value>2053320</value></Data><Data name="pro_status"><value>R</value></Data><Data name="pro_no"><value>4/183</value></Data><Data name="plot_type"><value>D TYPE PLOT</value></Data><Data name="sanctioned_area_sqm"><value>115.50</value></Data><Data name="area_sqm"><value>114.46</value></Data><Data name="sector"><value>SECTOR 4</value></Data><Data name="tenure"><value>REGISTERED</value></Data></ExtendedData><Polygon><outerBoundaryIs><LinearRing><coordinates>80.9445603,26.9323232 80.9445529,26.9322603 80.9443891,26.9322762 80.9443943,26.9323201 80.9443965,26.9323391 80.9445603,26.9323232</coordinates></LinearRing></outerBoundaryIs></Polygon></Placemark><Placemark><name>4/188</name><ExtendedData><Data name="plot_no"><value>4/188</value></Data><Data name="count"><value>COUNT</value></Data><Data name="land_use"><value>RESIDENTIAL PLOT</value></Data><Data name="registration_no"><value>2076184</value></Data><Data name="pro_status"><value>R</value></Data><Data name="pro_no"><value>4/188</value></Data><Data name="plot_type"><value>D TYPE PLOT</value></Data><Data name="sanctioned_area_sqm"><value>115.50</value></Data><Data name="area_sqm"><value>114.28</value></Data><Data name="sector"><value>SECTOR 4</value></Data><Data name="tenure"><value>REGISTERED</value></Data></ExtendedData><Polygon><outerBoundaryIs><LinearRing><coordinates>80.9443965,26.9323391 80.9443943,26.9323201 80.9443891,26.9322762 80.9442256,26.9322921 80.9442292,26.9323218 80.9442308,26.9323354 80.9442330,26.9323550 80.9443965,26.9323391</coordinates></LinearRing></outerBoundaryIs></Polygon></Placemark><Placemark><name>4/36</name><ExtendedData><Data name="plot_no"><value>4/36</value></Data><Data name="count"><value>COUNT</value></Data><Data name="land_use"><value>RESIDENTIAL PLOT</value></Data><Data name="registration_no"><value>2122481</value></Data><Data name="pro_status"><value>R</value></Data><Data name="pro_no"><value>4/36</value></Data><Data name="plot_type"><value>C TYPE PLOT</value></Data><Data name="sanctioned_area_sqm"><value>200</value></Data><Data name="area_sqm"><value>280.69</value></Data><Data name="sector"><value>SECTOR 4</value></Data><Data name="tenure"><value>REGISTERED</value></Data></ExtendedData><Polygon><outerBoundaryIs><LinearRing><coordinates>80.9424285,26.9323397 80.9424200,26.9322476 80.9424168,26.9322138 80.9422170,26.9322318 80.9422289,26.9323594 80.9424285,26.9323397</coordinates></LinearRing></outerBoundaryIs></Polygon></Placemark><Placemark><name>4/242</name><ExtendedData><Data name="plot_no"><value>4/242</value></Data><Data name="count"><value>COUNT</value></Data><Data name="land_use"><value>RESIDENTIAL PLOT</value></Data><Data name="registration_no"><value>2078263</value></Data><Data name="pro_status"><value>R</value></Data><Data name="pro_no"><value>4/242</value></Data><Data name="plot_type"><value>D TYPE PLOT</value></Data><Data name="sanctioned_area_sqm"><value>115.50</value></Data><Data name="area_sqm"><value>116.66</value></Data><Data name="sector"><value>SECTOR 4</value></Data><Data name="tenure"><value>REGISTERED</value></Data></ExtendedData><Polygon><outerBoundaryIs><LinearRing><coordinates>80.9439712,26.9323521 80.9439666,26.9323153 80.9439634,26.9322892 80.9437990,26.9323015 80.9438063,26.9323663 80.9439712,26.9323521</coordinates></LinearRing></outerBoundaryIs></Polygon></Placemark><Placemark><name>4/189</name><ExtendedData><Data name="plot_no"><value>4/189</value></Data><Data name="count"><value>COUNT</value></Data><Data name="land_use"><value>RESIDENTIAL PLOT</value></Data><Data name="registration_no"><value>2078105</value></Data><Data name="pro_status"><value>R</value></Data><Data name="pro_no"><value>4/189</value></Data><Data name="plot_type"><value>D TYPE PLOT</value></Data><Data name="sanctioned_area_sqm"><value>115.50</value></Data><Data name="area_sqm"><value>114.28</value></Data><Data name="sector"><value>SECTOR 4</value></Data><Data name="tenure"><value>REGISTERED</value></Data></ExtendedData><Polygon><outerBoundaryIs><LinearRing><coordinates>80.9444036,26.9324020 80.9443965,26.9323391 80.9442330,26.9323550 80.9442401,26.9324179 80.9444036,26.9324020</coordinates></LinearRing></outerBoundaryIs></Polygon></Placemark><Placemark><name>4/321</name><ExtendedData><Data name="plot_no"><value>4/321</value></Data><Data name="count"><value>COUNT</value></Data><Data name="land_use"><value>RESIDENTIAL PLOT</value></Data><Data name="registration_no"><value>2059496</value></Data><Data name="pro_status"><value>R</value></Data><Data name="pro_no"><value>4/321</value></Data><Data name="plot_type"><value>D TYPE PLOT</value></Data><Data name="sanctioned_area_sqm"><value>115.50</value></Data><Data name="area_sqm"><value>115.55</value></Data><Data name="sector"><value>SECTOR 4</value></Data><Data name="tenure"><value>REGISTERED</value></Data></ExtendedData><Polygon><outerBoundaryIs><LinearRing><coordinates>80.9452884,26.9323301 80.9452526,26.9322756 80.9451081,26.9323487 80.9451433,26.9324035 80.9452884,26.9323301</coordinates></LinearRing></outerBoundaryIs></Polygon></Placemark><Placemark><name>4/112</name><ExtendedData><Data name="plot_no"><value>4/112</value></Data><Data name="count"><value>COUNT</value></Data><Data name="land_use"><value>RESIDENTIAL PLOT</value></Data><Data name="registration_no"><value>2053090</value></Data><Data name="pro_status"><value>R</value></Data><Data name="pro_no"><value>4/112</value></Data><Data name="plot_type"><value>D TYPE PLOT</value></Data><Data name="sanctioned_area_sqm"><value>115.50</value></Data><Data name="area_sqm"><value>113.78</value></Data><Data name="sector"><value>SECTOR 4</value></Data><Data name="tenure"><value>REGISTERED</value></Data></ExtendedData><Polygon><outerBoundaryIs><LinearRing><coordinates>80.9437135,26.9323511 80.9437064,26.9322881 80.9435432,26.9322999 80.9435504,26.9323627 80.9437135,26.9323511</coordinates></LinearRing></outerBoundaryIs></Polygon></Placemark><Placemark><name>4/266</name><ExtendedData><Data name="remark"><value>SHORTED PLOT NO(4/255,256,257,258)</value></Data><Data name="plot_no"><value>4/266</value></Data><Data name="count"><value>COUNT</value></Data><Data name="land_use"><value>RESIDENTIAL PLOT</value></Data><Data name="registration_no"><value>2211068</value></Data><Data name="pro_status"><value>R</value></Data><Data name="pro_no"><value>4/266</value></Data><Data name="plot_type"><value>D TYPE PLOT</value></Data><Data name="sanctioned_area_sqm"><value>115.50</value></Data><Data name="area_sqm"><value>117.8</value></Data><Data name="sector"><value>SECTOR 4</value></Data><Data name="tenure"><value>REGISTERED</value></Data></ExtendedData><Polygon><outerBoundaryIs><LinearRing><coordinates>80.9441427,26.9323627 80.9441406,26.9323438 80.9441380,26.9323218 80.9441354,26.9322998 80.9439666,26.9323153 80.9439712,26.9323521 80.9439721,26.9323595 80.9439742,26.9323781 80.9441427,26.9323627</coordinates></LinearRing></outerBoundaryIs></Polygon></Placemark><Placemark><name>4/35</name><ExtendedData><Data name="remark"><value>SHORTED PLOT NO(4/34)</value></Data><Data name="plot_no"><value>4/35</value></Data><Data name="count"><value>COUNT</value></Data><Data name="land_use"><value>RESIDENTIAL PLOT</value></Data><Data name="registration_no"><value>2131150</value></Data><Data name="pro_status"><value>R</value></Data><Data name="pro_no"><value>4/35</value></Data><Data name="plot_type"><value>C TYPE PLOT</value></Data><Data name="sanctioned_area_sqm"><value>162</value></Data><Data name="area_sqm"><value>183.48</value></Data><Data name="sector"><value>SECTOR 4</value></Data><Data name="tenure"><value>REGISTERED</value></Data></ExtendedData><Polygon><outerBoundaryIs><LinearRing><coordinates>80.9426080,26.9323220 80.9425993,26.9322298 80.9424200,26.9322476 80.9424285,26.9323397 80.9426080,26.9323220</coordinates></LinearRing></outerBoundaryIs></Polygon></Placemark><Placemark><name>4/182</name><ExtendedData><Data name="plot_no"><value>4/182</value></Data><Data name="count"><value>COUNT</value></Data><Data name="land_use"><value>RESIDENTIAL PLOT</value></Data><Data name="registration_no"><value>2076738</value></Data><Data name="pro_status"><value>A</value></Data><Data name="pro_no"><value>4/182</value></Data><Data name="plot_type"><value>D TYPE PLOT</value></Data><Data name="sanctioned_area_sqm"><value>115.50</value></Data><Data name="area_sqm"><value>114.61</value></Data><Data name="sector"><value>SECTOR 4</value></Data><Data name="tenure"><value>ALLOTTED</value></Data></ExtendedData><Polygon><outerBoundaryIs><LinearRing><coordinates>80.9445677,26.9323860 80.9445603,26.9323232 80.9443965,26.9323391 80.9444036,26.9324020 80.9445677,26.9323860</coordinates></LinearRing></outerBoundaryIs></Polygon></Placemark><Placemark><name>4/241</name><ExtendedData><Data name="plot_no"><value>4/241</value></Data><Data name="count"><value>COUNT</value></Data><Data name="land_use"><value>RESIDENTIAL PLOT</value></Data><Data name="registration_no"><value>2217888</value></Data><Data name="pro_status"><value>A</value></Data><Data name="pro_no"><value>4/241</value></Data><Data name="plot_type"><value>D TYPE PLOT</value></Data><Data name="sanctioned_area_sqm"><value>115.50</value></Data><Data name="area_sqm"><value>115.14</value></Data><Data name="sector"><value>SECTOR 4</value></Data><Data name="tenure"><value>ALLOTTED</value></Data></ExtendedData><Polygon><outerBoundaryIs><LinearRing><coordinates>80.9439783,26.9324150 80.9439742,26.9323781 80.9439721,26.9323595 80.9439712,26.9323521 80.9438063,26.9323663 80.9438134,26.9324292 80.9439783,26.9324150</coordinates></LinearRing></outerBoundaryIs></Polygon></Placemark><Placemark><name>4/111</name><ExtendedData><Data name="plot_no"><value>4/111</value></Data><Data name="count"><value>COUNT</value></Data><Data name="land_use"><value>RESIDENTIAL PLOT</value></Data><Data name="registration_no"><value>2078991</value></Data><Data name="pro_status"><value>R</value></Data><Data name="pro_no"><value>4/111</value></Data><Data name="plot_type"><value>D TYPE PLOT</value></Data><Data name="sanctioned_area_sqm"><value>115.50</value></Data><Data name="area_sqm"><value>110.73</value></Data><Data name="sector"><value>SECTOR 4</value></Data><Data name="tenure"><value>REGISTERED</value></Data></ExtendedData><Polygon><outerBoundaryIs><LinearRing><coordinates>80.9437203,26.9324119 80.9437135,26.9323511 80.9435504,26.9323627 80.9435575,26.9324245 80.9437203,26.9324119</coordinates></LinearRing></outerBoundaryIs></Polygon></Placemark><Placemark><name>4/267</name><ExtendedData><Data name="remark"><value>SHORTED PLOT NO(4/255,256,257,258)</value></Data><Data name="plot_no"><value>4/267</value></Data><Data name="count"><value>COUNT</value></Data><Data name="land_use"><value>RESIDENTIAL PLOT</value></Data><Data name="registration_no"><value>2077717</value></Data><Data name="pro_status"><value>R</value></Data><Data name="pro_no"><value>4/267</value></Data><Data name="plot_type"><value>D TYPE PLOT</value></Data><Data name="sanctioned_area_sqm"><value>115.50</value></Data><Data name="area_sqm"><value>117.75</value></Data><Data name="sector"><value>SECTOR 4</value></Data><Data name="tenure"><value>REGISTERED</value></Data></ExtendedData><Polygon><outerBoundaryIs><LinearRing><coordinates>80.9441498,26.9324255 80.9441427,26.9323627 80.9439742,26.9323781 80.9439783,26.9324150 80.9439812,26.9324410 80.9441498,26.9324255</coordinates></LinearRing></outerBoundaryIs></Polygon></Placemark><Placemark><name>4/78</name><ExtendedData><Data name="plot_no"><value>4/78</value></Data><Data name="count"><value>COUNT</value></Data><Data name="land_use"><value>RESIDENTIAL PLOT</value></Data><Data name="registration_no"><value>2037416</value></Data><Data name="pro_status"><value>R</value></Data><Data name="pro_no"><value>4/78</value></Data><Data name="plot_type"><value>MIG/ B TYPE HOUSE</value></Data><Data name="sanctioned_area_sqm"><value>162</value></Data><Data name="area_sqm"><value>219.0</value></Data><Data name="sector"><value>SECTOR 4</value></Data><Data name="tenure"><value>REGISTERED</value></Data></ExtendedData><Polygon><outerBoundaryIs><LinearRing><coordinates>80.9428916,26.9324819 80.9428807,26.9323728 80.9428707,26.9323737 80.9426987,26.9323894 80.9427095,26.9324972 80.9428916,26.9324819</coordinates></LinearRing></outerBoundaryIs></Polygon></Placemark><Placemark><name>4/181</name><ExtendedData><Data name="plot_no"><value>4/181</value></Data><Data name="count"><value>COUNT</value></Data><Data name="land_use"><value>RESIDENTIAL PLOT</value></Data><Data name="registration_no"><value>2061580</value></Data><Data name="pro_status"><value>R</value></Data><Data name="pro_no"><value>4/181</value></Data><Data name="plot_type"><value>D TYPE PLOT</value></Data><Data name="sanctioned_area_sqm"><value>115.50</value></Data><Data name="area_sqm"><value>114.84</value></Data><Data name="sector"><value>SECTOR 4</value></Data><Data name="tenure"><value>REGISTERED</value></Data></ExtendedData><Polygon><outerBoundaryIs><LinearRing><coordinates>80.9445751,26.9324489 80.9445677,26.9323860 80.9444036,26.9324020 80.9444106,26.9324649 80.9445751,26.9324489</coordinates></LinearRing></outerBoundaryIs></Polygon></Placemark><Placemark><name>4/180</name><ExtendedData><Data name="plot_no"><value>4/180</value></Data><Data name="count"><value>COUNT</value></Data><Data name="land_use"><value>RESIDENTIAL PLOT</value></Data><Data name="registration_no"><value>2071836</value></Data><Data name="pro_status"><value>R</value></Data><Data name="pro_no"><value>4/180</value></Data><Data name="plot_type"><value>D TYPE PLOT</value></Data><Data name="sanctioned_area_sqm"><value>115.50</value></Data><Data name="area_sqm"><value>115.07</value></Data><Data name="sector"><value>SECTOR 4</value></Data><Data name="tenure"><value>REGISTERED</value></Data></ExtendedData><Polygon><outerBoundaryIs><LinearRing><coordinates>80.9445825,26.9325117 80.9445751,26.9324489 80.9444106,26.9324649 80.9444177,26.9325277 80.9445825,26.9325117</coordinates></LinearRing></outerBoundaryIs></Polygon></Placemark><Placemark><name>4/190</name><ExtendedData><Data name="plot_no"><value>4/190</value></Data><Data name="count"><value>COUNT</value></Data><Data name="land_use"><value>RESIDENTIAL PLOT</value></Data><Data name="registration_no"><value>2078006</value></Data><Data name="pro_status"><value>R</value></Data><Data name="pro_no"><value>4/190</value></Data><Data name="plot_type"><value>D TYPE PLOT</value></Data><Data name="sanctioned_area_sqm"><value>115.50</value></Data><Data name="area_sqm"><value>114.28</value></Data><Data name="sector"><value>SECTOR 4</value></Data><Data name="tenure"><value>REGISTERED</value></Data></ExtendedData><Polygon><outerBoundaryIs><LinearRing><coordinates>80.9444106,26.9324649 80.9444036,26.9324020 80.9442401,26.9324179 80.9442427,26.9324414 80.9442471,26.9324807 80.9444106,26.9324649</coordinates></LinearRing></outerBoundaryIs></Polygon></Placemark><Placemark><name>4/323</name><ExtendedData><Data name="plot_no"><value>4/323</value></Data><Data name="count"><value>COUNT</value></Data><Data name="land_use"><value>RESIDENTIAL PLOT</value></Data><Data name="registration_no"><value>2239882</value></Data><Data name="pro_status"><value>R</value></Data><Data name="pro_no"><value>4/323</value></Data><Data name="plot_type"><value>D TYPE PLOT</value></Data><Data name="sanctioned_area_sqm"><value>115.50</value></Data><Data name="area_sqm"><value>116.28</value></Data><Data name="sector"><value>SECTOR 4</value></Data><Data name="tenure"><value>REGISTERED</value></Data></ExtendedData><Polygon><outerBoundaryIs><LinearRing><coordinates>80.9453592,26.9324394 80.9453345,26.9323999 80.9453243,26.9323845 80.9451785,26.9324582 80.9452138,26.9325130 80.9453592,26.9324394</coordinates></LinearRing></outerBoundaryIs></Polygon></Placemark><Placemark><name>4/134</name><ExtendedData><Data name="plot_no"><value>4/134</value></Data><Data name="count"><value>COUNT</value></Data><Data name="land_use"><value>RESIDENTIAL PLOT</value></Data><Data name="registration_no"><value>2458233</value></Data><Data name="pro_status"><value>R</value></Data><Data name="pro_no"><value>4/134</value></Data><Data name="plot_type"><value>D TYPE PLOT</value></Data><Data name="sanctioned_area_sqm"><value>115.50</value></Data><Data name="area_sqm"><value>233.38</value></Data><Data name="sector"><value>SECTOR 4</value></Data><Data name="tenure"><value>REGISTERED</value></Data></ExtendedData><Polygon><outerBoundaryIs><LinearRing><coordinates>80.9434749,26.9324757 80.9435625,26.9324679 80.9435575,26.9324245 80.9435504,26.9323627 80.9435432,26.9322999 80.9435358,26.9322361 80.9435346,26.9322362 80.9434456,26.9322441 80.9434500,26.9322876 80.9434543,26.9323247 80.9434720,26.9324760 80.9434749,26.9324757</coordinates></LinearRing></outerBoundaryIs></Polygon></Placemark><Placemark><name>4/191</name><ExtendedData><Data name="plot_no"><value>4/191</value></Data><Data name="count"><value>COUNT</value></Data><Data name="land_use"><value>RESIDENTIAL PLOT</value></Data><Data name="registration_no"><value>2078924</value></Data><Data name="pro_status"><value>R</value></Data><Data name="pro_no"><value>4/191</value></Data><Data name="plot_type"><value>D TYPE PLOT</value></Data><Data name="sanctioned_area_sqm"><value>115.50</value></Data><Data name="area_sqm"><value>114.28</value></Data><Data name="sector"><value>SECTOR 4</value></Data><Data name="tenure"><value>REGISTERED</value></Data></ExtendedData><Polygon><outerBoundaryIs><LinearRing><coordinates>80.9444177,26.9325277 80.9444106,26.9324649 80.9442471,26.9324807 80.9442542,26.9325436 80.9444177,26.9325277</coordinates></LinearRing></outerBoundaryIs></Polygon></Placemark><Placemark><name>4/135</name><ExtendedData><Data name="plot_no"><value>4/135</value></Data><Data name="count"><value>COUNT</value></Data><Data name="land_use"><value>RESIDENTIAL PLOT</value></Data><Data name="registration_no"><value>2054013</value></Data><Data name="pro_status"><value>R</value></Data><Data name="pro_no"><value>4/135</value></Data><Data name="plot_type"><value>D TYPE PLOT</value></Data><Data name="sanctioned_area_sqm"><value>115.50</value></Data><Data name="area_sqm"><value>121.05</value></Data><Data name="sector"><value>SECTOR 4</value></Data><Data name="tenure"><value>REGISTERED</value></Data></ExtendedData><Polygon><outerBoundaryIs><LinearRing><coordinates>80.9434047,26.9324819 80.9434720,26.9324760 80.9434543,26.9323247 80.9433835,26.9323303 80.9433989,26.9324824 80.9434047,26.9324819</coordinates></LinearRing></outerBoundaryIs></Polygon></Placemark><Placemark><name>4/110</name><ExtendedData><Data name="plot_no"><value>4/110</value></Data><Data name="count"><value>COUNT</value></Data><Data name="land_use"><value>RESIDENTIAL PLOT</value></Data><Data name="registration_no"><value>2070597</value></Data><Data name="pro_status"><value>R</value></Data><Data name="pro_no"><value>4/110</value></Data><Data name="plot_type"><value>D TYPE PLOT</value></Data><Data name="sanctioned_area_sqm"><value>115.50</value></Data><Data name="area_sqm"><value>114.61</value></Data><Data name="sector"><value>SECTOR 4</value></Data><Data name="tenure"><value>REGISTERED</value></Data></ExtendedData><Polygon><outerBoundaryIs><LinearRing><coordinates>80.9437276,26.9324766 80.9437203,26.9324119 80.9435575,26.9324245 80.9435625,26.9324679 80.9435647,26.9324867 80.9437276,26.9324766</coordinates></LinearRing></outerBoundaryIs></Polygon></Placemark><Placemark><name>4/268</name><ExtendedData><Data name="remark"><value>SHORTED PLOT NO(4/255,256,257,258)</value></Data><Data name="plot_no"><value>4/268</value></Data><Data name="count"><value>COUNT</value></Data><Data name="land_use"><value>RESIDENTIAL PLOT</value></Data><Data name="registration_no"><value>2283961</value></Data><Data name="pro_status"><value>R</value></Data><Data name="pro_no"><value>4/268</value></Data><Data name="plot_type"><value>D TYPE PLOT</value></Data><Data name="sanctioned_area_sqm"><value>115.50</value></Data><Data name="area_sqm"><value>117.75</value></Data><Data name="sector"><value>SECTOR 4</value></Data><Data name="tenure"><value>REGISTERED</value></Data></ExtendedData><Polygon><outerBoundaryIs><LinearRing><coordinates>80.9441569,26.9324884 80.9441525,26.9324498 80.9441498,26.9324255 80.9439812,26.9324410 80.9439854,26.9324778 80.9439883,26.9325039 80.9441569,26.9324884</coordinates></LinearRing></outerBoundaryIs></Polygon></Placemark><Placemark><name>4/136</name><ExtendedData><Data name="plot_no"><value>4/136</value></Data><Data name="count"><value>COUNT</value></Data><Data name="land_use"><value>RESIDENTIAL PLOT</value></Data><Data name="registration_no"><value>2061853</value></Data><Data name="pro_status"><value>R</value></Data><Data name="pro_no"><value>4/136</value></Data><Data name="plot_type"><value>D TYPE PLOT</value></Data><Data name="sanctioned_area_sqm"><value>115.50</value></Data><Data name="area_sqm"><value>118.65</value></Data><Data name="sector"><value>SECTOR 4</value></Data><Data name="tenure"><value>REGISTERED</value></Data></ExtendedData><Polygon><outerBoundaryIs><LinearRing><coordinates>80.9433345,26.9324882 80.9433989,26.9324824 80.9433835,26.9323303 80.9433133,26.9323359 80.9433287,26.9324887 80.9433345,26.9324882</coordinates></LinearRing></outerBoundaryIs></Polygon></Placemark><Placemark><name>4/137</name><ExtendedData><Data name="plot_no"><value>4/137</value></Data><Data name="count"><value>COUNT</value></Data><Data name="land_use"><value>RESIDENTIAL PLOT</value></Data><Data name="registration_no"><value>2070739</value></Data><Data name="pro_status"><value>P</value></Data><Data name="pro_no"><value>4/137</value></Data><Data name="plot_type"><value>D TYPE PLOT</value></Data><Data name="sanctioned_area_sqm"><value>115.50</value></Data><Data name="area_sqm"><value>119.16</value></Data><Data name="sector"><value>SECTOR 4</value></Data><Data name="tenure"><value>POSSESSION</value></Data></ExtendedData><Polygon><outerBoundaryIs><LinearRing><coordinates>80.9432644,26.9324944 80.9433287,26.9324887 80.9433133,26.9323359 80.9432431,26.9323415 80.9432586,26.9324949 80.9432644,26.9324944</coordinates></LinearRing></outerBoundaryIs></Polygon></Placemark><Placemark><name>4/138</name><ExtendedData><Data name="plot_no"><value>4/138</value></Data><Data name="count"><value>COUNT</value></Data><Data name="land_use"><value>RESIDENTIAL PLOT</value></Data><Data name="registration_no"><value>2056946</value></Data><Data name="pro_status"><value>R</value></Data><Data name="pro_no"><value>4/138</value></Data><Data name="plot_type"><value>D TYPE PLOT</value></Data><Data name="sanctioned_area_sqm"><value>115.50</value></Data><Data name="area_sqm"><value>119.66</value></Data><Data name="sector"><value>SECTOR 4</value></Data><Data name="tenure"><value>REGISTERED</value></Data></ExtendedData><Polygon><outerBoundaryIs><LinearRing><coordinates>80.9431942,26.9325006 80.9432586,26.9324949 80.9432431,26.9323415 80.9431728,26.9323471 80.9431884,26.9325011 80.9431942,26.9325006</coordinates></LinearRing></outerBoundaryIs></Polygon></Placemark><Placemark><name>4/79</name><ExtendedData><Data name="plot_no"><value>4/79</value></Data><Data name="count"><value>COUNT</value></Data><Data name="land_use"><value>RESIDENTIAL PLOT</value></Data><Data name="registration_no"><value>2129529</value></Data><Data name="pro_status"><value>R</value></Data><Data name="pro_no"><value>4/79</value></Data><Data name="plot_type"><value>MIG/ B TYPE HOUSE</value></Data><Data name="sanctioned_area_sqm"><value>162</value></Data><Data name="area_sqm"><value>163.39</value></Data><Data name="sector"><value>SECTOR 4</value></Data><Data name="tenure"><value>REGISTERED</value></Data></ExtendedData><Polygon><outerBoundaryIs><LinearRing><coordinates>80.9428916,26.9324819 80.9427095,26.9324972 80.9427176,26.9325782 80.9428996,26.9325628 80.9428961,26.9325271 80.9428916,26.9324819</coordinates></LinearRing></outerBoundaryIs></Polygon></Placemark><Placemark><name>4/139</name><ExtendedData><Data name="plot_no"><value>4/139</value></Data><Data name="count"><value>COUNT</value></Data><Data name="land_use"><value>RESIDENTIAL PLOT</value></Data><Data name="registration_no"><value>2069566</value></Data><Data name="pro_status"><value>R</value></Data><Data name="pro_no"><value>4/139</value></Data><Data name="plot_type"><value>D TYPE PLOT</value></Data><Data name="sanctioned_area_sqm"><value>115.50</value></Data><Data name="area_sqm"><value>120.17</value></Data><Data name="sector"><value>SECTOR 4</value></Data><Data name="tenure"><value>REGISTERED</value></Data></ExtendedData><Polygon><outerBoundaryIs><LinearRing><coordinates>80.9431240,26.9325068 80.9431884,26.9325011 80.9431728,26.9323471 80.9431026,26.9323527 80.9431182,26.9325074 80.9431240,26.9325068</coordinates></LinearRing></outerBoundaryIs></Polygon></Placemark><Placemark><name>4/324</name><ExtendedData><Data name="plot_no"><value>4/324</value></Data><Data name="count"><value>COUNT</value></Data><Data name="land_use"><value>RESIDENTIAL PLOT</value></Data><Data name="registration_no"><value>2250017</value></Data><Data name="pro_status"><value>R</value></Data><Data name="pro_no"><value>4/324</value></Data><Data name="plot_type"><value>D TYPE PLOT</value></Data><Data name="sanctioned_area_sqm"><value>115.50</value></Data><Data name="area_sqm"><value>115.77</value></Data><Data name="sector"><value>SECTOR 4</value></Data><Data name="tenure"><value>REGISTERED</value></Data></ExtendedData><Polygon><outerBoundaryIs><LinearRing><coordinates>80.9453938,26.9324945 80.9453592,26.9324394 80.9452138,26.9325130 80.9452490,26.9325677 80.9453938,26.9324945</coordinates></LinearRing></outerBoundaryIs></Polygon></Placemark><Placemark><name>4/140</name><ExtendedData><Data name="plot_no"><value>4/140</value></Data><Data name="count"><value>COUNT</value></Data><Data name="land_use"><value>RESIDENTIAL PLOT</value></Data><Data name="registration_no"><value>2260744</value></Data><Data name="pro_status"><value>R</value></Data><Data name="pro_no"><value>4/140</value></Data><Data name="plot_type"><value>D TYPE PLOT</value></Data><Data name="sanctioned_area_sqm"><value>115.50</value></Data><Data name="area_sqm"><value>120.65</value></Data><Data name="sector"><value>SECTOR 4</value></Data><Data name="tenure"><value>REGISTERED</value></Data></ExtendedData><Polygon><outerBoundaryIs><LinearRing><coordinates>80.9430538,26.9325131 80.9431182,26.9325074 80.9431026,26.9323527 80.9430513,26.9323567 80.9430324,26.9323585 80.9430480,26.9325136 80.9430538,26.9325131</coordinates></LinearRing></outerBoundaryIs></Polygon></Placemark><Placemark><name>4/141</name><ExtendedData><Data name="plot_no"><value>4/141</value></Data><Data name="count"><value>COUNT</value></Data><Data name="land_use"><value>RESIDENTIAL PLOT</value></Data><Data name="registration_no"><value>2076208</value></Data><Data name="pro_status"><value>R</value></Data><Data name="pro_no"><value>4/141</value></Data><Data name="plot_type"><value>D TYPE PLOT</value></Data><Data name="sanctioned_area_sqm"><value>115.50</value></Data><Data name="area_sqm"><value>120.58</value></Data><Data name="sector"><value>SECTOR 4</value></Data><Data name="tenure"><value>REGISTERED</value></Data></ExtendedData><Polygon><outerBoundaryIs><LinearRing><coordinates>80.9429837,26.9325193 80.9430480,26.9325136 80.9430324,26.9323585 80.9429622,26.9323651 80.9429779,26.9325198 80.9429837,26.9325193</coordinates></LinearRing></outerBoundaryIs></Polygon></Placemark><Placemark><name>4/142</name><ExtendedData><Data name="plot_no"><value>4/142</value></Data><Data name="count"><value>COUNT</value></Data><Data name="land_use"><value>RESIDENTIAL PLOT</value></Data><Data name="registration_no"><value>2062538</value></Data><Data name="pro_status"><value>R</value></Data><Data name="pro_no"><value>4/142</value></Data><Data name="plot_type"><value>D TYPE PLOT</value></Data><Data name="sanctioned_area_sqm"><value>115.50</value></Data><Data name="area_sqm"><value>140.06</value></Data><Data name="sector"><value>SECTOR 4</value></Data><Data name="tenure"><value>REGISTERED</value></Data></ExtendedData><Polygon><outerBoundaryIs><LinearRing><coordinates>80.9429779,26.9325198 80.9429622,26.9323651 80.9428807,26.9323728 80.9428961,26.9325271 80.9429779,26.9325198</coordinates></LinearRing></outerBoundaryIs></Polygon></Placemark><Placemark><name>4/109</name><ExtendedData><Data name="plot_no"><value>4/109</value></Data><Data name="count"><value>COUNT</value></Data><Data name="land_use"><value>RESIDENTIAL PLOT</value></Data><Data name="registration_no"><value>2059501</value></Data><Data name="pro_status"><value>R</value></Data><Data name="pro_no"><value>4/109</value></Data><Data name="plot_type"><value>D TYPE PLOT</value></Data><Data name="sanctioned_area_sqm"><value>115.50</value></Data><Data name="area_sqm"><value>113.97</value></Data><Data name="sector"><value>SECTOR 4</value></Data><Data name="tenure"><value>REGISTERED</value></Data></ExtendedData><Polygon><outerBoundaryIs><LinearRing><coordinates>80.9437346,26.9325385 80.9437276,26.9324766 80.9435647,26.9324867 80.9435721,26.9325512 80.9437346,26.9325385</coordinates></LinearRing></outerBoundaryIs></Polygon></Placemark><Placemark><name>4/269</name><ExtendedData><Data name="remark"><value>SHORTED PLOT NO(4/255,256,257,258)</value></Data><Data name="plot_no"><value>4/269</value></Data><Data name="count"><value>COUNT</value></Data><Data name="land_use"><value>RESIDENTIAL PLOT</value></Data><Data name="registration_no"><value>2076050</value></Data><Data name="pro_status"><value>R</value></Data><Data name="pro_no"><value>4/269</value></Data><Data name="plot_type"><value>D TYPE PLOT</value></Data><Data name="sanctioned_area_sqm"><value>115.50</value></Data><Data name="area_sqm"><value>117.75</value></Data><Data name="sector"><value>SECTOR 4</value></Data><Data name="tenure"><value>REGISTERED</value></Data></ExtendedData><Polygon><outerBoundaryIs><LinearRing><coordinates>80.9441640,26.9325513 80.9441569,26.9324884 80.9439883,26.9325039 80.9439925,26.9325407 80.9439954,26.9325668 80.9441640,26.9325513</coordinates></LinearRing></outerBoundaryIs></Polygon></Placemark><Placemark><name>4/179</name><ExtendedData><Data name="plot_no"><value>4/179</value></Data><Data name="count"><value>COUNT</value></Data><Data name="land_use"><value>RESIDENTIAL PLOT</value></Data><Data name="registration_no"><value>2078501</value></Data><Data name="pro_status"><value>R</value></Data><Data name="pro_no"><value>4/179</value></Data><Data name="plot_type"><value>D TYPE PLOT</value></Data><Data name="sanctioned_area_sqm"><value>115.50</value></Data><Data name="area_sqm"><value>115.23</value></Data><Data name="sector"><value>SECTOR 4</value></Data><Data name="tenure"><value>REGISTERED</value></Data></ExtendedData><Polygon><outerBoundaryIs><LinearRing><coordinates>80.9445899,26.9325746 80.9445825,26.9325117 80.9444177,26.9325277 80.9444210,26.9325569 80.9444251,26.9325906 80.9445899,26.9325746</coordinates></LinearRing></outerBoundaryIs></Polygon></Placemark><Placemark><name>4/325</name><ExtendedData><Data name="plot_no"><value>4/325</value></Data><Data name="count"><value>COUNT</value></Data><Data name="land_use"><value>RESIDENTIAL PLOT</value></Data><Data name="registration_no"><value>2316505</value></Data><Data name="pro_status"><value>R</value></Data><Data name="pro_no"><value>4/325</value></Data><Data name="plot_type"><value>D TYPE PLOT</value></Data><Data name="sanctioned_area_sqm"><value>115.50</value></Data><Data name="area_sqm"><value>115.22</value></Data><Data name="sector"><value>SECTOR 4</value></Data><Data name="tenure"><value>REGISTERED</value></Data></ExtendedData><Polygon><outerBoundaryIs><LinearRing><coordinates>80.9454283,26.9325496 80.9453938,26.9324945 80.9452490,26.9325677 80.9452843,26.9326225 80.9454283,26.9325496</coordinates></LinearRing></outerBoundaryIs></Polygon></Placemark><Placemark><name>4/192</name><ExtendedData><Data name="plot_no"><value>4/192</value></Data><Data name="count"><value>COUNT</value></Data><Data name="land_use"><value>RESIDENTIAL PLOT</value></Data><Data name="registration_no"><value>2128068</value></Data><Data name="pro_status"><value>R</value></Data><Data name="pro_no"><value>4/192</value></Data><Data name="plot_type"><value>D TYPE PLOT</value></Data><Data name="sanctioned_area_sqm"><value>115.50</value></Data><Data name="area_sqm"><value>114.28</value></Data><Data name="sector"><value>SECTOR 4</value></Data><Data name="tenure"><value>REGISTERED</value></Data></ExtendedData><Polygon><outerBoundaryIs><LinearRing><coordinates>80.9444251,26.9325906 80.9444210,26.9325569 80.9444177,26.9325277 80.9442542,26.9325436 80.9442570,26.9325688 80.9442575,26.9325725 80.9442616,26.9326065 80.9444251,26.9325906</coordinates></LinearRing></outerBoundaryIs></Polygon></Placemark><Placemark><name>4/349-A</name><ExtendedData><Data name="plot_no"><value>4/349-A</value></Data><Data name="count"><value>COUNT</value></Data><Data name="land_use"><value>RESIDENTIAL PLOT</value></Data><Data name="registration_no"><value>2249999</value></Data><Data name="pro_status"><value>R</value></Data><Data name="pro_no"><value>4/349-A</value></Data><Data name="plot_type"><value>C TYPE PLOT</value></Data><Data name="sanctioned_area_sqm"><value>162</value></Data><Data name="area_sqm"><value>195.94</value></Data><Data name="sector"><value>SECTOR 4</value></Data><Data name="tenure"><value>REGISTERED</value></Data></ExtendedData><Polygon><outerBoundaryIs><LinearRing><coordinates>80.9459229,26.9325688 80.9458742,26.9324792 80.9457178,26.9325570 80.9457662,26.9326468 80.9459229,26.9325688</coordinates></LinearRing></outerBoundaryIs></Polygon></Placemark><Placemark><name>4/80</name><ExtendedData><Data name="plot_no"><value>4/80</value></Data><Data name="count"><value>COUNT</value></Data><Data name="land_use"><value>RESIDENTIAL PLOT</value></Data><Data name="registration_no"><value>2043222</value></Data><Data name="pro_status"><value>R</value></Data><Data name="pro_no"><value>4/80</value></Data><Data name="plot_type"><value>MIG/ B TYPE HOUSE</value></Data><Data name="sanctioned_area_sqm"><value>162</value></Data><Data name="area_sqm"><value>163.36</value></Data><Data name="sector"><value>SECTOR 4</value></Data><Data name="tenure"><value>REGISTERED</value></Data></ExtendedData><Polygon><outerBoundaryIs><LinearRing><coordinates>80.9428996,26.9325628 80.9427176,26.9325782 80.9427257,26.9326591 80.9429077,26.9326438 80.9428996,26.9325628</coordinates></LinearRing></outerBoundaryIs></Polygon></Placemark><Placemark><name>4/45</name><ExtendedData><Data name="plot_no"><value>4/45</value></Data><Data name="count"><value>COUNT</value></Data><Data name="land_use"><value>RESIDENTIAL PLOT</value></Data><Data name="registration_no"><value>2123016</value></Data><Data name="pro_status"><value>R</value></Data><Data name="pro_no"><value>4/45</value></Data><Data name="plot_type"><value>C TYPE PLOT</value></Data><Data name="sanctioned_area_sqm"><value>200</value></Data><Data name="area_sqm"><value>295.25</value></Data><Data name="sector"><value>SECTOR 4</value></Data><Data name="tenure"><value>REGISTERED</value></Data></ExtendedData><Polygon><outerBoundaryIs><LinearRing><coordinates>80.9424483,26.9325529 80.9424479,26.9325480 80.9424358,26.9324180 80.9422364,26.9324400 80.9422487,26.9325717 80.9424483,26.9325529</coordinates></LinearRing></outerBoundaryIs></Polygon></Placemark><Placemark><name>4/108</name><ExtendedData><Data name="plot_no"><value>4/108</value></Data><Data name="count"><value>COUNT</value></Data><Data name="land_use"><value>RESIDENTIAL PLOT</value></Data><Data name="registration_no"><value>2071033</value></Data><Data name="pro_status"><value>A</value></Data><Data name="pro_no"><value>4/108</value></Data><Data name="plot_type"><value>D TYPE PLOT</value></Data><Data name="sanctioned_area_sqm"><value>115.50</value></Data><Data name="area_sqm"><value>120.99</value></Data><Data name="sector"><value>SECTOR 4</value></Data><Data name="tenure"><value>ALLOTTED</value></Data></ExtendedData><Polygon><outerBoundaryIs><LinearRing><coordinates>80.9436123,26.9326163 80.9437420,26.9326048 80.9437346,26.9325385 80.9435721,26.9325512 80.9435799,26.9326192 80.9436123,26.9326163</coordinates></LinearRing></outerBoundaryIs></Polygon></Placemark><Placemark><name>4/270</name><ExtendedData><Data name="remark"><value>SHORTED PLOT NO(4/255,256,257,258)</value></Data><Data name="plot_no"><value>4/270</value></Data><Data name="count"><value>COUNT</value></Data><Data name="land_use"><value>RESIDENTIAL PLOT</value></Data><Data name="registration_no"><value>2078750</value></Data><Data name="pro_status"><value>R</value></Data><Data name="pro_no"><value>4/270</value></Data><Data name="plot_type"><value>D TYPE PLOT</value></Data><Data name="sanctioned_area_sqm"><value>115.50</value></Data><Data name="area_sqm"><value>116.32</value></Data><Data name="sector"><value>SECTOR 4</value></Data><Data name="tenure"><value>REGISTERED</value></Data></ExtendedData><Polygon><outerBoundaryIs><LinearRing><coordinates>80.9441712,26.9326127 80.9441673,26.9325811 80.9441663,26.9325720 80.9441640,26.9325513 80.9439954,26.9325668 80.9439990,26.9325984 80.9439990,26.9325991 80.9440028,26.9326295 80.9441712,26.9326127</coordinates></LinearRing></outerBoundaryIs></Polygon></Placemark><Placemark><name>4/107</name><ExtendedData><Data name="plot_no"><value>4/107</value></Data><Data name="count"><value>COUNT</value></Data><Data name="land_use"><value>RESIDENTIAL PLOT</value></Data><Data name="registration_no"><value>2062016</value></Data><Data name="pro_status"><value>R</value></Data><Data name="pro_no"><value>4/107</value></Data><Data name="plot_type"><value>D TYPE PLOT</value></Data><Data name="sanctioned_area_sqm"><value>115.50</value></Data><Data name="area_sqm"><value>148.59</value></Data><Data name="sector"><value>SECTOR 4</value></Data><Data name="tenure"><value>REGISTERED</value></Data></ExtendedData><Polygon><outerBoundaryIs><LinearRing><coordinates>80.9435799,26.9326192 80.9435721,26.9325512 80.9435647,26.9324867 80.9435625,26.9324679 80.9434749,26.9324757 80.9434907,26.9326271 80.9435799,26.9326192</coordinates></LinearRing></outerBoundaryIs></Polygon></Placemark><Placemark><name>NA-143</name><ExtendedData><Data name="plot_no"><value>NA-143</value></Data><Data name="count"><value>COUNT</value></Data><Data name="land_use"><value>RESIDENTIAL PLOT</value></Data><Data name="area_sqm"><value>373.88</value></Data><Data name="sector"><value>SECTOR 4</value></Data><Data name="tenure"><value>NO RECORD</value></Data></ExtendedData><Polygon><outerBoundaryIs><LinearRing><coordinates>80.9452977,26.9309154 80.9452292,26.9307704 80.9450226,26.9309010 80.9450224,26.9309012 80.9450786,26.9310096 80.9452977,26.9309154</coordinates></LinearRing></outerBoundaryIs></Polygon></Placemark><Placemark><name>NA-144</name><ExtendedData><Data name="plot_no"><value>NA-144</value></Data><Data name="count"><value>COUNT</value></Data><Data name="land_use"><value>RESIDENTIAL PLOT</value></Data><Data name="area_sqm"><value>272.69</value></Data><Data name="sector"><value>SECTOR 4</value></Data><Data name="tenure"><value>NO RECORD</value></Data></ExtendedData><Polygon><outerBoundaryIs><LinearRing><coordinates>80.9453426,26.9310102 80.9452977,26.9309154 80.9450786,26.9310096 80.9451271,26.9311029 80.9453426,26.9310102</coordinates></LinearRing></outerBoundaryIs></Polygon></Placemark><Placemark><name>NA-145</name><ExtendedData><Data name="plot_no"><value>NA-145</value></Data><Data name="count"><value>COUNT</value></Data><Data name="land_use"><value>RESIDENTIAL PLOT</value></Data><Data name="area_sqm"><value>302.84</value></Data><Data name="sector"><value>SECTOR 4</value></Data><Data name="tenure"><value>NO RECORD</value></Data></ExtendedData><Polygon><outerBoundaryIs><LinearRing><coordinates>80.9453933,26.9311174 80.9453426,26.9310102 80.9451271,26.9311029 80.9451818,26.9312083 80.9453933,26.9311174</coordinates></LinearRing></outerBoundaryIs></Polygon></Placemark><Placemark><name>NA-146</name><ExtendedData><Data name="plot_no"><value>NA-146</value></Data><Data name="count"><value>COUNT</value></Data><Data name="land_use"><value>RESIDENTIAL PLOT</value></Data><Data name="area_sqm"><value>322.79</value></Data><Data name="sector"><value>SECTOR 4</value></Data><Data name="tenure"><value>NO RECORD</value></Data></ExtendedData><Polygon><outerBoundaryIs><LinearRing><coordinates>80.9454489,26.9312351 80.9453933,26.9311174 80.9451818,26.9312083 80.9452408,26.9313220 80.9454489,26.9312351</coordinates></LinearRing></outerBoundaryIs></Polygon></Placemark><Placemark><name>NA-147</name><ExtendedData><Data name="plot_no"><value>NA-147</value></Data><Data name="count"><value>COUNT</value></Data><Data name="land_use"><value>RESIDENTIAL PLOT</value></Data><Data name="area_sqm"><value>274.01</value></Data><Data name="sector"><value>SECTOR 4</value></Data><Data name="tenure"><value>NO RECORD</value></Data></ExtendedData><Polygon><outerBoundaryIs><LinearRing><coordinates>80.9454967,26.9313360 80.9454489,26.9312351 80.9452408,26.9313220 80.9452924,26.9314213 80.9454967,26.9313360</coordinates></LinearRing></outerBoundaryIs></Polygon></Placemark><Placemark><name>NA-148</name><ExtendedData><Data name="plot_no"><value>NA-148</value></Data><Data name="count"><value>COUNT</value></Data><Data name="land_use"><value>RESIDENTIAL PLOT</value></Data><Data name="area_sqm"><value>269.76</value></Data><Data name="sector"><value>SECTOR 4</value></Data><Data name="tenure"><value>NO RECORD</value></Data></ExtendedData><Polygon><outerBoundaryIs><LinearRing><coordinates>80.9455441,26.9314364 80.9454967,26.9313360 80.9452924,26.9314213 80.9453445,26.9315218 80.9455441,26.9314364</coordinates></LinearRing></outerBoundaryIs></Polygon></Placemark><Placemark><name>NA-149</name><ExtendedData><Data name="plot_no"><value>NA-149</value></Data><Data name="count"><value>COUNT</value></Data><Data name="land_use"><value>RESIDENTIAL PLOT</value></Data><Data name="area_sqm"><value>264.28</value></Data><Data name="sector"><value>SECTOR 4</value></Data><Data name="tenure"><value>NO RECORD</value></Data></ExtendedData><Polygon><outerBoundaryIs><LinearRing><coordinates>80.9455920,26.9315376 80.9455441,26.9314364 80.9453445,26.9315218 80.9453962,26.9316213 80.9455920,26.9315376</coordinates></LinearRing></outerBoundaryIs></Polygon></Placemark><Placemark><name>4/178</name><ExtendedData><Data name="plot_no"><value>4/178</value></Data><Data name="count"><value>COUNT</value></Data><Data name="land_use"><value>RESIDENTIAL PLOT</value></Data><Data name="registration_no"><value>2061604</value></Data><Data name="pro_status"><value>R</value></Data><Data name="pro_no"><value>4/178</value></Data><Data name="plot_type"><value>D TYPE PLOT</value></Data><Data name="sanctioned_area_sqm"><value>115.50</value></Data><Data name="area_sqm"><value>115.03</value></Data><Data name="sector"><value>SECTOR 4</value></Data><Data name="tenure"><value>REGISTERED</value></Data></ExtendedData><Polygon><outerBoundaryIs><LinearRing><coordinates>80.9445973,26.9326374 80.9445899,26.9325746 80.9444251,26.9325906 80.9444329,26.9326534 80.9445973,26.9326374</coordinates></LinearRing></outerBoundaryIs></Polygon></Placemark><Placemark><name>4/326</name><ExtendedData><Data name="plot_no"><value>4/326</value></Data><Data name="count"><value>COUNT</value></Data><Data name="land_use"><value>RESIDENTIAL PLOT</value></Data><Data name="registration_no"><value>2244615</value></Data><Data name="pro_status"><value>R</value></Data><Data name="pro_no"><value>4/326</value></Data><Data name="plot_type"><value>D TYPE PLOT</value></Data><Data name="sanctioned_area_sqm"><value>115.50</value></Data><Data name="area_sqm"><value>114.68</value></Data><Data name="sector"><value>SECTOR 4</value></Data><Data name="tenure"><value>REGISTERED</value></Data></ExtendedData><Polygon><outerBoundaryIs><LinearRing><coordinates>80.9454629,26.9326047 80.9454283,26.9325496 80.9452843,26.9326225 80.9453195,26.9326772 80.9454629,26.9326047</coordinates></LinearRing></outerBoundaryIs></Polygon></Placemark><Placemark><name>4/193</name><ExtendedData><Data name="plot_no"><value>4/193</value></Data><Data name="count"><value>COUNT</value></Data><Data name="land_use"><value>RESIDENTIAL PLOT</value></Data><Data name="registration_no"><value>2555071</value></Data><Data name="pro_status"><value>A</value></Data><Data name="pro_no"><value>4/193</value></Data><Data name="plot_type"><value>D TYPE PLOT</value></Data><Data name="sanctioned_area_sqm"><value>115.50</value></Data><Data name="area_sqm"><value>114.28</value></Data><Data name="sector"><value>SECTOR 4</value></Data><Data name="tenure"><value>ALLOTTED</value></Data></ExtendedData><Polygon><outerBoundaryIs><LinearRing><coordinates>80.9444329,26.9326534 80.9444251,26.9325906 80.9442616,26.9326065 80.9442694,26.9326693 80.9444329,26.9326534</coordinates></LinearRing></outerBoundaryIs></Polygon></Placemark><Placemark><name>4/177</name><ExtendedData><Data name="plot_no"><value>4/177</value></Data><Data name="count"><value>COUNT</value></Data><Data name="land_use"><value>RESIDENTIAL PLOT</value></Data><Data name="registration_no"><value>2315799</value></Data><Data name="pro_status"><value>R</value></Data><Data name="pro_no"><value>4/177</value></Data><Data name="plot_type"><value>D TYPE PLOT</value></Data><Data name="sanctioned_area_sqm"><value>115.50</value></Data><Data name="area_sqm"><value>114.79</value></Data><Data name="sector"><value>SECTOR 4</value></Data><Data name="tenure"><value>REGISTERED</value></Data></ExtendedData><Polygon><outerBoundaryIs><LinearRing><coordinates>80.9446047,26.9327003 80.9445973,26.9326374 80.9444329,26.9326534 80.9444406,26.9327162 80.9446047,26.9327003</coordinates></LinearRing></outerBoundaryIs></Polygon></Placemark><Placemark><name>4/349</name><ExtendedData><Data name="plot_no"><value>4/349</value></Data><Data name="count"><value>COUNT</value></Data><Data name="land_use"><value>RESIDENTIAL PLOT</value></Data><Data name="registration_no"><value>2144202</value></Data><Data name="pro_status"><value>R</value></Data><Data name="pro_no"><value>4/349</value></Data><Data name="plot_type"><value>C TYPE PLOT</value></Data><Data name="sanctioned_area_sqm"><value>162</value></Data><Data name="area_sqm"><value>167.14</value></Data><Data name="sector"><value>SECTOR 4</value></Data><Data name="tenure"><value>REGISTERED</value></Data></ExtendedData><Polygon><outerBoundaryIs><LinearRing><coordinates>80.9459643,26.9326451 80.9459240,26.9325709 80.9459229,26.9325688 80.9457662,26.9326468 80.9458074,26.9327232 80.9459643,26.9326451</coordinates></LinearRing></outerBoundaryIs></Polygon></Placemark><Placemark><name>4/106</name><ExtendedData><Data name="plot_no"><value>4/106</value></Data><Data name="count"><value>COUNT</value></Data><Data name="land_use"><value>RESIDENTIAL PLOT</value></Data><Data name="registration_no"><value>2054642</value></Data><Data name="pro_status"><value>R</value></Data><Data name="pro_no"><value>4/106</value></Data><Data name="plot_type"><value>D TYPE PLOT</value></Data><Data name="sanctioned_area_sqm"><value>115.50</value></Data><Data name="area_sqm"><value>117.93</value></Data><Data name="sector"><value>SECTOR 4</value></Data><Data name="tenure"><value>REGISTERED</value></Data></ExtendedData><Polygon><outerBoundaryIs><LinearRing><coordinates>80.9434907,26.9326271 80.9434749,26.9324757 80.9434720,26.9324760 80.9434047,26.9324819 80.9434206,26.9326334 80.9434907,26.9326271</coordinates></LinearRing></outerBoundaryIs></Polygon></Placemark><Placemark><name>4/81</name><ExtendedData><Data name="plot_no"><value>4/81</value></Data><Data name="count"><value>COUNT</value></Data><Data name="land_use"><value>RESIDENTIAL PLOT</value></Data><Data name="registration_no"><value>2037590</value></Data><Data name="pro_status"><value>R</value></Data><Data name="pro_no"><value>4/81</value></Data><Data name="plot_type"><value>MIG/ B TYPE HOUSE</value></Data><Data name="sanctioned_area_sqm"><value>162</value></Data><Data name="area_sqm"><value>166.27</value></Data><Data name="sector"><value>SECTOR 4</value></Data><Data name="tenure"><value>REGISTERED</value></Data></ExtendedData><Polygon><outerBoundaryIs><LinearRing><coordinates>80.9429077,26.9326438 80.9427257,26.9326591 80.9427340,26.9327419 80.9429159,26.9327257 80.9429077,26.9326438</coordinates></LinearRing></outerBoundaryIs></Polygon></Placemark><Placemark><name>4/374-A</name><ExtendedData><Data name="plot_no"><value>4/374-A</value></Data><Data name="count"><value>COUNT</value></Data><Data name="land_use"><value>RESIDENTIAL PLOT</value></Data><Data name="registration_no"><value>2142008</value></Data><Data name="pro_status"><value>R</value></Data><Data name="pro_no"><value>4/374-A</value></Data><Data name="plot_type"><value>C TYPE PLOT</value></Data><Data name="sanctioned_area_sqm"><value>200</value></Data><Data name="area_sqm"><value>196.84</value></Data><Data name="sector"><value>SECTOR 4</value></Data><Data name="tenure"><value>REGISTERED</value></Data></ExtendedData><Polygon><outerBoundaryIs><LinearRing><coordinates>80.9461921,26.9326620 80.9461522,26.9325800 80.9459694,26.9326545 80.9460016,26.9327136 80.9460053,26.9327209 80.9460132,26.9327363 80.9461921,26.9326620</coordinates></LinearRing></outerBoundaryIs></Polygon></Placemark><Placemark><name>4/271</name><ExtendedData><Data name="remark"><value>SHORTED PLOT NO(4/255,256,257,258)</value></Data><Data name="plot_no"><value>4/271</value></Data><Data name="count"><value>COUNT</value></Data><Data name="land_use"><value>RESIDENTIAL PLOT</value></Data><Data name="registration_no"><value>2368242</value></Data><Data name="pro_status"><value>R</value></Data><Data name="pro_no"><value>4/271</value></Data><Data name="plot_type"><value>D TYPE PLOT</value></Data><Data name="sanctioned_area_sqm"><value>115.50</value></Data><Data name="area_sqm"><value>117.77</value></Data><Data name="sector"><value>SECTOR 4</value></Data><Data name="tenure"><value>REGISTERED</value></Data></ExtendedData><Polygon><outerBoundaryIs><LinearRing><coordinates>80.9441790,26.9326756 80.9441712,26.9326127 80.9440028,26.9326295 80.9440059,26.9326549 80.9440105,26.9326923 80.9441790,26.9326756</coordinates></LinearRing></outerBoundaryIs></Polygon></Placemark><Placemark><name>4/100</name><ExtendedData><Data name="plot_no"><value>4/100</value></Data><Data name="count"><value>COUNT</value></Data><Data name="land_use"><value>RESIDENTIAL PLOT</value></Data><Data name="registration_no"><value>2238204</value></Data><Data name="pro_status"><value>A</value></Data><Data name="pro_no"><value>4/100</value></Data><Data name="plot_type"><value>D TYPE PLOT</value></Data><Data name="sanctioned_area_sqm"><value>115.50</value></Data><Data name="area_sqm"><value>117.93</value></Data><Data name="sector"><value>SECTOR 4</value></Data><Data name="tenure"><value>ALLOTTED</value></Data></ExtendedData><Polygon><outerBoundaryIs><LinearRing><coordinates>80.9430697,26.9326645 80.9430538,26.9325131 80.9430480,26.9325136 80.9429837,26.9325193 80.9429996,26.9326707 80.9430697,26.9326645</coordinates></LinearRing></outerBoundaryIs></Polygon></Placemark><Placemark><name>4/47</name><ExtendedData><Data name="plot_no"><value>4/47</value></Data><Data name="count"><value>COUNT</value></Data><Data name="land_use"><value>RESIDENTIAL PLOT</value></Data><Data name="registration_no"><value>2085257</value></Data><Data name="pro_status"><value>R</value></Data><Data name="pro_no"><value>4/47</value></Data><Data name="plot_type"><value>C TYPE PLOT</value></Data><Data name="sanctioned_area_sqm"><value>200</value></Data><Data name="area_sqm"><value>199.26</value></Data><Data name="sector"><value>SECTOR 4</value></Data><Data name="tenure"><value>REGISTERED</value></Data></ExtendedData><Polygon><outerBoundaryIs><LinearRing><coordinates>80.9424567,26.9326429 80.9424554,26.9326292 80.9424483,26.9325529 80.9422487,26.9325717 80.9422571,26.9326617 80.9424567,26.9326429</coordinates></LinearRing></outerBoundaryIs></Polygon></Placemark><Placemark><name>4/176</name><ExtendedData><Data name="plot_no"><value>4/176</value></Data><Data name="count"><value>COUNT</value></Data><Data name="land_use"><value>RESIDENTIAL PLOT</value></Data><Data name="registration_no"><value>2260602</value></Data><Data name="pro_status"><value>R</value></Data><Data name="pro_no"><value>4/176</value></Data><Data name="plot_type"><value>D TYPE PLOT</value></Data><Data name="sanctioned_area_sqm"><value>115.50</value></Data><Data name="area_sqm"><value>114.55</value></Data><Data name="sector"><value>SECTOR 4</value></Data><Data name="tenure"><value>REGISTERED</value></Data></ExtendedData><Polygon><outerBoundaryIs><LinearRing><coordinates>80.9446121,26.9327631 80.9446047,26.9327003 80.9444406,26.9327162 80.9444484,26.9327790 80.9446121,26.9327631</coordinates></LinearRing></outerBoundaryIs></Polygon></Placemark><Placemark><name>4/327</name><ExtendedData><Data name="plot_no"><value>4/327</value></Data><Data name="count"><value>COUNT</value></Data><Data name="land_use"><value>RESIDENTIAL PLOT</value></Data><Data name="registration_no"><value>2076430</value></Data><Data name="pro_status"><value>R</value></Data><Data name="pro_no"><value>4/327</value></Data><Data name="plot_type"><value>D TYPE PLOT</value></Data><Data name="sanctioned_area_sqm"><value>115.50</value></Data><Data name="area_sqm"><value>143.17</value></Data><Data name="sector"><value>SECTOR 4</value></Data><Data name="tenure"><value>REGISTERED</value></Data></ExtendedData><Polygon><outerBoundaryIs><LinearRing><coordinates>80.9455050,26.9326719 80.9454629,26.9326047 80.9453195,26.9326772 80.9453650,26.9327479 80.9455050,26.9326719</coordinates></LinearRing></outerBoundaryIs></Polygon></Placemark><Placemark><name>4/194</name><ExtendedData><Data name="plot_no"><value>4/194</value></Data><Data name="count"><value>COUNT</value></Data><Data name="land_use"><value>RESIDENTIAL PLOT</value></Data><Data name="registration_no"><value>2077527</value></Data><Data name="pro_status"><value>R</value></Data><Data name="pro_no"><value>4/194</value></Data><Data name="plot_type"><value>D TYPE PLOT</value></Data><Data name="sanctioned_area_sqm"><value>115.50</value></Data><Data name="area_sqm"><value>114.28</value></Data><Data name="sector"><value>SECTOR 4</value></Data><Data name="tenure"><value>REGISTERED</value></Data></ExtendedData><Polygon><outerBoundaryIs><LinearRing><coordinates>80.9444406,26.9327162 80.9444329,26.9326534 80.9442694,26.9326693 80.9442723,26.9326928 80.9442771,26.9327321 80.9444406,26.9327162</coordinates></LinearRing></outerBoundaryIs></Polygon></Placemark><Placemark><name>4/272</name><ExtendedData><Data name="remark"><value>SHORTED PLOT NO(4/255,256,257,258)</value></Data><Data name="plot_no"><value>4/272</value></Data><Data name="count"><value>COUNT</value></Data><Data name="land_use"><value>RESIDENTIAL PLOT</value></Data><Data name="registration_no"><value>2344391</value></Data><Data name="pro_status"><value>R</value></Data><Data name="pro_no"><value>4/272</value></Data><Data name="plot_type"><value>D TYPE PLOT</value></Data><Data name="sanctioned_area_sqm"><value>115.50</value></Data><Data name="area_sqm"><value>117.77</value></Data><Data name="sector"><value>SECTOR 4</value></Data><Data name="tenure"><value>REGISTERED</value></Data></ExtendedData><Polygon><outerBoundaryIs><LinearRing><coordinates>80.9441867,26.9327384 80.9441821,26.9327007 80.9441790,26.9326756 80.9440105,26.9326923 80.9440128,26.9327105 80.9440183,26.9327551 80.9441867,26.9327384</coordinates></LinearRing></outerBoundaryIs></Polygon></Placemark><Placemark><name>4/82</name><ExtendedData><Data name="plot_no"><value>4/82</value></Data><Data name="count"><value>COUNT</value></Data><Data name="land_use"><value>RESIDENTIAL PLOT</value></Data><Data name="registration_no"><value>986930</value></Data><Data name="pro_status"><value>R</value></Data><Data name="pro_no"><value>4/82</value></Data><Data name="plot_type"><value>MIG/ B TYPE HOUSE</value></Data><Data name="sanctioned_area_sqm"><value>162</value></Data><Data name="area_sqm"><value>163.29</value></Data><Data name="sector"><value>SECTOR 4</value></Data><Data name="tenure"><value>REGISTERED</value></Data></ExtendedData><Polygon><outerBoundaryIs><LinearRing><coordinates>80.9429239,26.9328067 80.9429159,26.9327257 80.9427340,26.9327419 80.9427421,26.9328229 80.9429239,26.9328067</coordinates></LinearRing></outerBoundaryIs></Polygon></Placemark><Placemark><name>4/374</name><ExtendedData><Data name="plot_no"><value>4/374</value></Data><Data name="count"><value>COUNT</value></Data><Data name="land_use"><value>RESIDENTIAL PLOT</value></Data><Data name="registration_no"><value>2357783</value></Data><Data name="pro_status"><value>R</value></Data><Data name="pro_no"><value>4/374</value></Data><Data name="plot_type"><value>C TYPE PLOT</value></Data><Data name="sanctioned_area_sqm"><value>200</value></Data><Data name="area_sqm"><value>194.6</value></Data><Data name="sector"><value>SECTOR 4</value></Data><Data name="tenure"><value>REGISTERED</value></Data></ExtendedData><Polygon><outerBoundaryIs><LinearRing><coordinates>80.9462323,26.9327448 80.9461921,26.9326620 80.9460132,26.9327363 80.9460444,26.9327968 80.9460555,26.9328183 80.9462323,26.9327448</coordinates></LinearRing></outerBoundaryIs></Polygon></Placemark><Placemark><name>4/99</name><ExtendedData><Data name="plot_no"><value>4/99</value></Data><Data name="count"><value>COUNT</value></Data><Data name="land_use"><value>RESIDENTIAL PLOT</value></Data><Data name="registration_no"><value>2214567</value></Data><Data name="pro_status"><value>R</value></Data><Data name="pro_no"><value>4/99</value></Data><Data name="plot_type"><value>D TYPE PLOT</value></Data><Data name="sanctioned_area_sqm"><value>115.50</value></Data><Data name="area_sqm"><value>229.2</value></Data><Data name="sector"><value>SECTOR 4</value></Data><Data name="tenure"><value>REGISTERED</value></Data></ExtendedData><Polygon><outerBoundaryIs><LinearRing><coordinates>80.9429996,26.9326707 80.9429837,26.9325193 80.9429779,26.9325198 80.9428961,26.9325271 80.9429159,26.9327257 80.9429194,26.9327616 80.9430082,26.9327531 80.9430045,26.9327179 80.9430002,26.9326773 80.9429996,26.9326707</coordinates></LinearRing></outerBoundaryIs></Polygon></Placemark><Placemark><name>4/48</name><ExtendedData><Data name="plot_no"><value>4/48</value></Data><Data name="count"><value>COUNT</value></Data><Data name="land_use"><value>RESIDENTIAL PLOT</value></Data><Data name="registration_no"><value>2076125</value></Data><Data name="pro_status"><value>R</value></Data><Data name="pro_no"><value>4/48</value></Data><Data name="plot_type"><value>C TYPE PLOT</value></Data><Data name="sanctioned_area_sqm"><value>200</value></Data><Data name="area_sqm"><value>199.46</value></Data><Data name="sector"><value>SECTOR 4</value></Data><Data name="tenure"><value>REGISTERED</value></Data></ExtendedData><Polygon><outerBoundaryIs><LinearRing><coordinates>80.9424656,26.9327329 80.9424633,26.9327102 80.9424581,26.9326578 80.9424567,26.9326429 80.9422571,26.9326617 80.9422655,26.9327517 80.9424656,26.9327329</coordinates></LinearRing></outerBoundaryIs></Polygon></Placemark><Placemark><name>4/195</name><ExtendedData><Data name="plot_no"><value>4/195</value></Data><Data name="count"><value>COUNT</value></Data><Data name="land_use"><value>RESIDENTIAL PLOT</value></Data><Data name="registration_no"><value>2363276</value></Data><Data name="pro_status"><value>R</value></Data><Data name="pro_no"><value>4/195</value></Data><Data name="plot_type"><value>D TYPE PLOT</value></Data><Data name="sanctioned_area_sqm"><value>115.50</value></Data><Data name="area_sqm"><value>114.28</value></Data><Data name="sector"><value>SECTOR 4</value></Data><Data name="tenure"><value>REGISTERED</value></Data></ExtendedData><Polygon><outerBoundaryIs><LinearRing><coordinates>80.9444484,26.9327790 80.9444406,26.9327162 80.9442771,26.9327321 80.9442849,26.9327949 80.9444484,26.9327790</coordinates></LinearRing></outerBoundaryIs></Polygon></Placemark><Placemark><name>4/98</name><ExtendedData><Data name="plot_no"><value>4/98</value></Data><Data name="count"><value>COUNT</value></Data><Data name="land_use"><value>RESIDENTIAL PLOT</value></Data><Data name="registration_no"><value>2155424</value></Data><Data name="pro_status"><value>R</value></Data><Data name="pro_no"><value>4/98</value></Data><Data name="plot_type"><value>MIG/ B TYPE HOUSE</value></Data><Data name="sanctioned_area_sqm"><value>162</value></Data><Data name="area_sqm"><value>251.27</value></Data><Data name="sector"><value>SECTOR 4</value></Data><Data name="tenure"><value>REGISTERED</value></Data></ExtendedData><Polygon><outerBoundaryIs><LinearRing><coordinates>80.9431029,26.9327908 80.9430984,26.9327444 80.9429194,26.9327616 80.9429239,26.9328067 80.9429320,26.9328876 80.9431107,26.9328717 80.9431029,26.9327908</coordinates></LinearRing></outerBoundaryIs></Polygon></Placemark><Placemark><name>4/49</name><ExtendedData><Data name="plot_no"><value>4/49</value></Data><Data name="count"><value>COUNT</value></Data><Data name="land_use"><value>RESIDENTIAL PLOT</value></Data><Data name="registration_no"><value>2078156</value></Data><Data name="pro_status"><value>R</value></Data><Data name="pro_no"><value>4/49</value></Data><Data name="plot_type"><value>C TYPE PLOT</value></Data><Data name="sanctioned_area_sqm"><value>200</value></Data><Data name="area_sqm"><value>200.08</value></Data><Data name="sector"><value>SECTOR 4</value></Data><Data name="tenure"><value>REGISTERED</value></Data></ExtendedData><Polygon><outerBoundaryIs><LinearRing><coordinates>80.9424746,26.9328228 80.9424713,26.9327900 80.9424656,26.9327329 80.9422655,26.9327517 80.9422739,26.9328417 80.9424746,26.9328228</coordinates></LinearRing></outerBoundaryIs></Polygon></Placemark><Placemark><name>4/273</name><ExtendedData><Data name="remark"><value>SHORTED PLOT NO(4/255,256,257,258)</value></Data><Data name="plot_no"><value>4/273</value></Data><Data name="count"><value>COUNT</value></Data><Data name="land_use"><value>RESIDENTIAL PLOT</value></Data><Data name="registration_no"><value>2076168</value></Data><Data name="pro_status"><value>R</value></Data><Data name="pro_no"><value>4/273</value></Data><Data name="plot_type"><value>D TYPE PLOT</value></Data><Data name="sanctioned_area_sqm"><value>115.50</value></Data><Data name="area_sqm"><value>117.77</value></Data><Data name="sector"><value>SECTOR 4</value></Data><Data name="tenure"><value>REGISTERED</value></Data></ExtendedData><Polygon><outerBoundaryIs><LinearRing><coordinates>80.9441944,26.9328012 80.9441867,26.9327384 80.9440183,26.9327551 80.9440205,26.9327733 80.9440260,26.9328179 80.9441944,26.9328012</coordinates></LinearRing></outerBoundaryIs></Polygon></Placemark><Placemark><name>4/351</name><ExtendedData><Data name="plot_no"><value>4/351</value></Data><Data name="count"><value>COUNT</value></Data><Data name="land_use"><value>RESIDENTIAL PLOT</value></Data><Data name="registration_no"><value>2135418</value></Data><Data name="pro_status"><value>R</value></Data><Data name="pro_no"><value>4/351</value></Data><Data name="plot_type"><value>C TYPE PLOT</value></Data><Data name="sanctioned_area_sqm"><value>162</value></Data><Data name="area_sqm"><value>164.04</value></Data><Data name="sector"><value>SECTOR 4</value></Data><Data name="tenure"><value>REGISTERED</value></Data></ExtendedData><Polygon><outerBoundaryIs><LinearRing><coordinates>80.9460444,26.9327968 80.9460132,26.9327363 80.9460053,26.9327209 80.9458483,26.9327990 80.9458889,26.9328743 80.9460444,26.9327968</coordinates></LinearRing></outerBoundaryIs></Polygon></Placemark><Placemark><name>4/175</name><ExtendedData><Data name="plot_no"><value>4/175</value></Data><Data name="count"><value>COUNT</value></Data><Data name="land_use"><value>RESIDENTIAL PLOT</value></Data><Data name="registration_no"><value>2076283</value></Data><Data name="pro_status"><value>R</value></Data><Data name="pro_no"><value>4/175</value></Data><Data name="plot_type"><value>D TYPE PLOT</value></Data><Data name="sanctioned_area_sqm"><value>115.50</value></Data><Data name="area_sqm"><value>114.31</value></Data><Data name="sector"><value>SECTOR 4</value></Data><Data name="tenure"><value>REGISTERED</value></Data></ExtendedData><Polygon><outerBoundaryIs><LinearRing><coordinates>80.9446195,26.9328260 80.9446121,26.9327631 80.9444484,26.9327790 80.9444561,26.9328419 80.9446195,26.9328260</coordinates></LinearRing></outerBoundaryIs></Polygon></Placemark><Placemark><name>4/83</name><ExtendedData><Data name="plot_no"><value>4/83</value></Data><Data name="count"><value>COUNT</value></Data><Data name="land_use"><value>RESIDENTIAL PLOT</value></Data><Data name="registration_no"><value>2316331</value></Data><Data name="pro_status"><value>R</value></Data><Data name="pro_no"><value>4/83</value></Data><Data name="plot_type"><value>MIG/ B TYPE HOUSE</value></Data><Data name="sanctioned_area_sqm"><value>162</value></Data><Data name="area_sqm"><value>163.25</value></Data><Data name="sector"><value>SECTOR 4</value></Data><Data name="tenure"><value>REGISTERED</value></Data></ExtendedData><Polygon><outerBoundaryIs><LinearRing><coordinates>80.9429320,26.9328876 80.9429239,26.9328067 80.9427421,26.9328229 80.9427502,26.9329038 80.9429320,26.9328876</coordinates></LinearRing></outerBoundaryIs></Polygon></Placemark><Placemark><name>4/196</name><ExtendedData><Data name="plot_no"><value>4/196</value></Data><Data name="count"><value>COUNT</value></Data><Data name="land_use"><value>RESIDENTIAL PLOT</value></Data><Data name="registration_no"><value>2078476</value></Data><Data name="pro_status"><value>R</value></Data><Data name="pro_no"><value>4/196</value></Data><Data name="plot_type"><value>D TYPE PLOT</value></Data><Data name="sanctioned_area_sqm"><value>115.50</value></Data><Data name="area_sqm"><value>114.28</value></Data><Data name="sector"><value>SECTOR 4</value></Data><Data name="tenure"><value>REGISTERED</value></Data></ExtendedData><Polygon><outerBoundaryIs><LinearRing><coordinates>80.9444561,26.9328419 80.9444484,26.9327790 80.9442849,26.9327949 80.9442871,26.9328126 80.9442926,26.9328578 80.9444561,26.9328419</coordinates></LinearRing></outerBoundaryIs></Polygon></Placemark><Placemark><name>4/373</name><ExtendedData><Data name="plot_no"><value>4/373</value></Data><Data name="count"><value>COUNT</value></Data><Data name="land_use"><value>RESIDENTIAL PLOT</value></Data><Data name="registration_no"><value>2365371</value></Data><Data name="pro_status"><value>R</value></Data><Data name="pro_no"><value>4/373</value></Data><Data name="plot_type"><value>C TYPE PLOT</value></Data><Data name="sanctioned_area_sqm"><value>200</value></Data><Data name="area_sqm"><value>196.45</value></Data><Data name="sector"><value>SECTOR 4</value></Data><Data name="tenure"><value>REGISTERED</value></Data></ExtendedData><Polygon><outerBoundaryIs><LinearRing><coordinates>80.9462728,26.9328280 80.9462323,26.9327448 80.9460555,26.9328183 80.9460835,26.9328728 80.9460992,26.9329033 80.9462728,26.9328280</coordinates></LinearRing></outerBoundaryIs></Polygon></Placemark><Placemark><name>4/73</name><ExtendedData><Data name="plot_no"><value>4/73</value></Data><Data name="count"><value>COUNT</value></Data><Data name="land_use"><value>RESIDENTIAL PLOT</value></Data><Data name="registration_no"><value>2053066</value></Data><Data name="pro_status"><value>R</value></Data><Data name="pro_no"><value>4/73</value></Data><Data name="plot_type"><value>C TYPE PLOT</value></Data><Data name="sanctioned_area_sqm"><value>162</value></Data><Data name="area_sqm"><value>164.34</value></Data><Data name="sector"><value>SECTOR 4</value></Data><Data name="tenure"><value>REGISTERED</value></Data></ExtendedData><Polygon><outerBoundaryIs><LinearRing><coordinates>80.9426590,26.9328574 80.9426536,26.9328022 80.9426510,26.9327748 80.9424713,26.9327900 80.9424746,26.9328228 80.9424796,26.9328725 80.9426590,26.9328574</coordinates></LinearRing></outerBoundaryIs></Polygon></Placemark><Placemark><name>4/274</name><ExtendedData><Data name="remark"><value>SHORTED PLOT NO(4/255,256,257,258)</value></Data><Data name="plot_no"><value>4/274</value></Data><Data name="count"><value>COUNT</value></Data><Data name="land_use"><value>RESIDENTIAL PLOT</value></Data><Data name="registration_no"><value>2214608</value></Data><Data name="pro_status"><value>R</value></Data><Data name="pro_no"><value>4/274</value></Data><Data name="plot_type"><value>D TYPE PLOT</value></Data><Data name="sanctioned_area_sqm"><value>115.50</value></Data><Data name="area_sqm"><value>117.77</value></Data><Data name="sector"><value>SECTOR 4</value></Data><Data name="tenure"><value>REGISTERED</value></Data></ExtendedData><Polygon><outerBoundaryIs><LinearRing><coordinates>80.9442022,26.9328640 80.9441968,26.9328199 80.9441944,26.9328012 80.9440260,26.9328179 80.9440283,26.9328362 80.9440338,26.9328808 80.9442022,26.9328640</coordinates></LinearRing></outerBoundaryIs></Polygon></Placemark><Placemark><name>4/50</name><ExtendedData><Data name="plot_no"><value>4/50</value></Data><Data name="count"><value>COUNT</value></Data><Data name="land_use"><value>RESIDENTIAL PLOT</value></Data><Data name="registration_no"><value>2080168</value></Data><Data name="pro_status"><value>R</value></Data><Data name="pro_no"><value>4/50</value></Data><Data name="plot_type"><value>C TYPE PLOT</value></Data><Data name="sanctioned_area_sqm"><value>200</value></Data><Data name="area_sqm"><value>200.71</value></Data><Data name="sector"><value>SECTOR 4</value></Data><Data name="tenure"><value>REGISTERED</value></Data></ExtendedData><Polygon><outerBoundaryIs><LinearRing><coordinates>80.9424836,26.9329128 80.9424796,26.9328725 80.9424746,26.9328228 80.9422739,26.9328417 80.9422823,26.9329317 80.9424836,26.9329128</coordinates></LinearRing></outerBoundaryIs></Polygon></Placemark><Placemark><name>4/174</name><ExtendedData><Data name="plot_no"><value>4/174</value></Data><Data name="count"><value>COUNT</value></Data><Data name="land_use"><value>RESIDENTIAL PLOT</value></Data><Data name="registration_no"><value>2076797</value></Data><Data name="pro_status"><value>A</value></Data><Data name="pro_no"><value>4/174</value></Data><Data name="plot_type"><value>D TYPE PLOT</value></Data><Data name="sanctioned_area_sqm"><value>115.50</value></Data><Data name="area_sqm"><value>114.06</value></Data><Data name="sector"><value>SECTOR 4</value></Data><Data name="tenure"><value>ALLOTTED</value></Data></ExtendedData><Polygon><outerBoundaryIs><LinearRing><coordinates>80.9446269,26.9328888 80.9446195,26.9328260 80.9444561,26.9328419 80.9444616,26.9328865 80.9444639,26.9329047 80.9446269,26.9328888</coordinates></LinearRing></outerBoundaryIs></Polygon></Placemark><Placemark><name>4/198</name><ExtendedData><Data name="plot_no"><value>4/198</value></Data><Data name="count"><value>COUNT</value></Data><Data name="land_use"><value>RESIDENTIAL PLOT</value></Data><Data name="registration_no"><value>2244607</value></Data><Data name="pro_status"><value>R</value></Data><Data name="pro_no"><value>4/198</value></Data><Data name="plot_type"><value>D TYPE PLOT</value></Data><Data name="sanctioned_area_sqm"><value>115.50</value></Data><Data name="area_sqm"><value>114.28</value></Data><Data name="sector"><value>SECTOR 4</value></Data><Data name="tenure"><value>REGISTERED</value></Data></ExtendedData><Polygon><outerBoundaryIs><LinearRing><coordinates>80.9444717,26.9329675 80.9444639,26.9329047 80.9443004,26.9329206 80.9443029,26.9329404 80.9443082,26.9329834 80.9444717,26.9329675</coordinates></LinearRing></outerBoundaryIs></Polygon></Placemark><Placemark><name>4/352</name><ExtendedData><Data name="plot_no"><value>4/352</value></Data><Data name="count"><value>COUNT</value></Data><Data name="land_use"><value>RESIDENTIAL PLOT</value></Data><Data name="registration_no"><value>2245996</value></Data><Data name="pro_status"><value>R</value></Data><Data name="pro_no"><value>4/352</value></Data><Data name="plot_type"><value>C TYPE PLOT</value></Data><Data name="sanctioned_area_sqm"><value>162</value></Data><Data name="area_sqm"><value>161.3</value></Data><Data name="sector"><value>SECTOR 4</value></Data><Data name="tenure"><value>REGISTERED</value></Data></ExtendedData><Polygon><outerBoundaryIs><LinearRing><coordinates>80.9460835,26.9328728 80.9460555,26.9328183 80.9460444,26.9327968 80.9458889,26.9328743 80.9459288,26.9329484 80.9460835,26.9328728</coordinates></LinearRing></outerBoundaryIs></Polygon></Placemark><Placemark><name>4/95</name><ExtendedData><Data name="plot_no"><value>4/95</value></Data><Data name="count"><value>COUNT</value></Data><Data name="land_use"><value>RESIDENTIAL PLOT</value></Data><Data name="registration_no"><value>994713</value></Data><Data name="pro_status"><value>A</value></Data><Data name="pro_no"><value>4/95</value></Data><Data name="plot_type"><value>MIG/ B TYPE HOUSE</value></Data><Data name="sanctioned_area_sqm"><value>162</value></Data><Data name="area_sqm"><value>160.31</value></Data><Data name="sector"><value>SECTOR 4</value></Data><Data name="tenure"><value>ALLOTTED</value></Data></ExtendedData><Polygon><outerBoundaryIs><LinearRing><coordinates>80.9431185,26.9329527 80.9431107,26.9328717 80.9429320,26.9328876 80.9429401,26.9329686 80.9431185,26.9329527</coordinates></LinearRing></outerBoundaryIs></Polygon></Placemark><Placemark><name>4/77</name><ExtendedData><Data name="plot_no"><value>4/77</value></Data><Data name="count"><value>COUNT</value></Data><Data name="land_use"><value>RESIDENTIAL PLOT</value></Data><Data name="registration_no"><value>2059311</value></Data><Data name="pro_status"><value>R</value></Data><Data name="pro_no"><value>4/77</value></Data><Data name="plot_type"><value>C TYPE PLOT</value></Data><Data name="sanctioned_area_sqm"><value>162</value></Data><Data name="area_sqm"><value>264.25</value></Data><Data name="sector"><value>SECTOR 4</value></Data><Data name="tenure"><value>REGISTERED</value></Data></ExtendedData><Polygon><outerBoundaryIs><LinearRing><coordinates>80.9426281,26.9325328 80.9426153,26.9323981 80.9424358,26.9324180 80.9424479,26.9325480 80.9426281,26.9325328</coordinates></LinearRing></outerBoundaryIs></Polygon></Placemark><Placemark><name>4/173</name><ExtendedData><Data name="plot_no"><value>4/173</value></Data><Data name="count"><value>COUNT</value></Data><Data name="land_use"><value>RESIDENTIAL PLOT</value></Data><Data name="registration_no"><value>2059769</value></Data><Data name="pro_status"><value>R</value></Data><Data name="pro_no"><value>4/173</value></Data><Data name="plot_type"><value>D TYPE PLOT</value></Data><Data name="sanctioned_area_sqm"><value>115.50</value></Data><Data name="area_sqm"><value>113.79</value></Data><Data name="sector"><value>SECTOR 4</value></Data><Data name="tenure"><value>REGISTERED</value></Data></ExtendedData><Polygon><outerBoundaryIs><LinearRing><coordinates>80.9446343,26.9329517 80.9446269,26.9328888 80.9444639,26.9329047 80.9444717,26.9329675 80.9446343,26.9329517</coordinates></LinearRing></outerBoundaryIs></Polygon></Placemark><Placemark><name>4/197</name><ExtendedData><Data name="plot_no"><value>4/197</value></Data><Data name="count"><value>COUNT</value></Data><Data name="land_use"><value>RESIDENTIAL PLOT</value></Data><Data name="registration_no"><value>2265124</value></Data><Data name="pro_status"><value>A</value></Data><Data name="pro_no"><value>4/197</value></Data><Data name="plot_type"><value>D TYPE PLOT</value></Data><Data name="sanctioned_area_sqm"><value>115.50</value></Data><Data name="area_sqm"><value>114.28</value></Data><Data name="sector"><value>SECTOR 4</value></Data><Data name="tenure"><value>ALLOTTED</value></Data></ExtendedData><Polygon><outerBoundaryIs><LinearRing><coordinates>80.9444639,26.9329047 80.9444616,26.9328865 80.9444561,26.9328419 80.9442926,26.9328578 80.9442957,26.9328829 80.9442982,26.9329030 80.9443004,26.9329206 80.9444639,26.9329047</coordinates></LinearRing></outerBoundaryIs></Polygon></Placemark><Placemark><name>4/233</name><ExtendedData><Data name="plot_no"><value>4/233</value></Data><Data name="count"><value>COUNT</value></Data><Data name="land_use"><value>RESIDENTIAL PLOT</value></Data><Data name="registration_no"><value>2077296</value></Data><Data name="pro_status"><value>R</value></Data><Data name="pro_no"><value>4/233</value></Data><Data name="plot_type"><value>D TYPE PLOT</value></Data><Data name="sanctioned_area_sqm"><value>115.50</value></Data><Data name="area_sqm"><value>117.11</value></Data><Data name="sector"><value>SECTOR 4</value></Data><Data name="tenure"><value>REGISTERED</value></Data></ExtendedData><Polygon><outerBoundaryIs><LinearRing><coordinates>80.9440360,26.9328990 80.9440338,26.9328808 80.9440283,26.9328362 80.9438608,26.9328503 80.9438679,26.9329132 80.9440360,26.9328990</coordinates></LinearRing></outerBoundaryIs></Polygon></Placemark><Placemark><name>4/84</name><ExtendedData><Data name="plot_no"><value>4/84</value></Data><Data name="count"><value>COUNT</value></Data><Data name="land_use"><value>RESIDENTIAL PLOT</value></Data><Data name="registration_no"><value>2005827</value></Data><Data name="pro_status"><value>R</value></Data><Data name="pro_no"><value>4/84</value></Data><Data name="plot_type"><value>MIG/ B TYPE HOUSE</value></Data><Data name="sanctioned_area_sqm"><value>162</value></Data><Data name="area_sqm"><value>163.21</value></Data><Data name="sector"><value>SECTOR 4</value></Data><Data name="tenure"><value>REGISTERED</value></Data></ExtendedData><Polygon><outerBoundaryIs><LinearRing><coordinates>80.9429401,26.9329686 80.9429320,26.9328876 80.9427502,26.9329038 80.9427583,26.9329847 80.9429401,26.9329686</coordinates></LinearRing></outerBoundaryIs></Polygon></Placemark><Placemark><name>4/372</name><ExtendedData><Data name="plot_no"><value>4/372</value></Data><Data name="count"><value>COUNT</value></Data><Data name="land_use"><value>RESIDENTIAL PLOT</value></Data><Data name="registration_no"><value>2134155</value></Data><Data name="pro_status"><value>R</value></Data><Data name="pro_no"><value>4/372</value></Data><Data name="plot_type"><value>C TYPE PLOT</value></Data><Data name="sanctioned_area_sqm"><value>200</value></Data><Data name="area_sqm"><value>190.38</value></Data><Data name="sector"><value>SECTOR 4</value></Data><Data name="tenure"><value>REGISTERED</value></Data></ExtendedData><Polygon><outerBoundaryIs><LinearRing><coordinates>80.9463131,26.9329108 80.9462728,26.9328280 80.9460992,26.9329033 80.9461414,26.9329853 80.9463131,26.9329108</coordinates></LinearRing></outerBoundaryIs></Polygon></Placemark><Placemark><name>4/275</name><ExtendedData><Data name="remark"><value>SHORTED PLOT NO(4/255,256,257,258)</value></Data><Data name="plot_no"><value>4/275</value></Data><Data name="count"><value>COUNT</value></Data><Data name="land_use"><value>RESIDENTIAL PLOT</value></Data><Data name="registration_no"><value>2079914</value></Data><Data name="pro_status"><value>R</value></Data><Data name="pro_no"><value>4/275</value></Data><Data name="plot_type"><value>D TYPE PLOT</value></Data><Data name="sanctioned_area_sqm"><value>115.50</value></Data><Data name="area_sqm"><value>117.77</value></Data><Data name="sector"><value>SECTOR 4</value></Data><Data name="tenure"><value>REGISTERED</value></Data></ExtendedData><Polygon><outerBoundaryIs><LinearRing><coordinates>80.9442100,26.9329268 80.9442081,26.9329119 80.9442052,26.9328885 80.9442022,26.9328640 80.9440338,26.9328808 80.9440360,26.9328990 80.9440399,26.9329307 80.9440415,26.9329436 80.9442100,26.9329268</coordinates></LinearRing></outerBoundaryIs></Polygon></Placemark><Placemark><name>4/172</name><ExtendedData><Data name="plot_no"><value>4/172</value></Data><Data name="count"><value>COUNT</value></Data><Data name="land_use"><value>RESIDENTIAL PLOT</value></Data><Data name="registration_no"><value>2079387</value></Data><Data name="pro_status"><value>R</value></Data><Data name="pro_no"><value>4/172</value></Data><Data name="plot_type"><value>D TYPE PLOT</value></Data><Data name="sanctioned_area_sqm"><value>115.50</value></Data><Data name="area_sqm"><value>113.5</value></Data><Data name="sector"><value>SECTOR 4</value></Data><Data name="tenure"><value>REGISTERED</value></Data></ExtendedData><Polygon><outerBoundaryIs><LinearRing><coordinates>80.9446417,26.9330145 80.9446343,26.9329517 80.9444717,26.9329675 80.9444795,26.9330303 80.9446417,26.9330145</coordinates></LinearRing></outerBoundaryIs></Polygon></Placemark><Placemark><name>4/199</name><ExtendedData><Data name="plot_no"><value>4/199</value></Data><Data name="count"><value>COUNT</value></Data><Data name="land_use"><value>RESIDENTIAL PLOT</value></Data><Data name="registration_no"><value>2319466</value></Data><Data name="pro_status"><value>R</value></Data><Data name="pro_no"><value>4/199</value></Data><Data name="plot_type"><value>D TYPE PLOT</value></Data><Data name="sanctioned_area_sqm"><value>115.50</value></Data><Data name="area_sqm"><value>114.28</value></Data><Data name="sector"><value>SECTOR 4</value></Data><Data name="tenure"><value>REGISTERED</value></Data></ExtendedData><Polygon><outerBoundaryIs><LinearRing><coordinates>80.9444795,26.9330303 80.9444717,26.9329675 80.9443082,26.9329834 80.9443112,26.9330072 80.9443160,26.9330462 80.9444795,26.9330303</coordinates></LinearRing></outerBoundaryIs></Polygon></Placemark><Placemark><name>4/276</name><ExtendedData><Data name="remark"><value>SHORTED PLOT NO(4/255,256,257,258)</value></Data><Data name="plot_no"><value>4/276</value></Data><Data name="count"><value>COUNT</value></Data><Data name="land_use"><value>RESIDENTIAL PLOT</value></Data><Data name="registration_no"><value>2076133</value></Data><Data name="pro_status"><value>R</value></Data><Data name="pro_no"><value>4/276</value></Data><Data name="plot_type"><value>D TYPE PLOT</value></Data><Data name="sanctioned_area_sqm"><value>115.50</value></Data><Data name="area_sqm"><value>117.77</value></Data><Data name="sector"><value>SECTOR 4</value></Data><Data name="tenure"><value>REGISTERED</value></Data></ExtendedData><Polygon><outerBoundaryIs><LinearRing><coordinates>80.9442178,26.9329897 80.9442131,26.9329519 80.9442100,26.9329268 80.9440415,26.9329436 80.9440438,26.9329618 80.9440493,26.9330064 80.9442178,26.9329897</coordinates></LinearRing></outerBoundaryIs></Polygon></Placemark><Placemark><name>4/85</name><ExtendedData><Data name="plot_no"><value>4/85</value></Data><Data name="count"><value>COUNT</value></Data><Data name="land_use"><value>RESIDENTIAL PLOT</value></Data><Data name="registration_no"><value>2037927</value></Data><Data name="pro_status"><value>R</value></Data><Data name="pro_no"><value>4/85</value></Data><Data name="plot_type"><value>MIG/ B TYPE HOUSE</value></Data><Data name="sanctioned_area_sqm"><value>162</value></Data><Data name="area_sqm"><value>160.19</value></Data><Data name="sector"><value>SECTOR 4</value></Data><Data name="tenure"><value>REGISTERED</value></Data></ExtendedData><Polygon><outerBoundaryIs><LinearRing><coordinates>80.9429480,26.9330485 80.9429401,26.9329686 80.9427583,26.9329847 80.9427634,26.9330359 80.9427664,26.9330637 80.9429480,26.9330485</coordinates></LinearRing></outerBoundaryIs></Polygon></Placemark><Placemark><name>4/371</name><ExtendedData><Data name="plot_no"><value>4/371</value></Data><Data name="count"><value>COUNT</value></Data><Data name="land_use"><value>RESIDENTIAL PLOT</value></Data><Data name="registration_no"><value>2346304</value></Data><Data name="pro_status"><value>R</value></Data><Data name="pro_no"><value>4/371</value></Data><Data name="plot_type"><value>C TYPE PLOT</value></Data><Data name="sanctioned_area_sqm"><value>200</value></Data><Data name="area_sqm"><value>187.89</value></Data><Data name="sector"><value>SECTOR 4</value></Data><Data name="tenure"><value>REGISTERED</value></Data></ExtendedData><Polygon><outerBoundaryIs><LinearRing><coordinates>80.9463532,26.9329933 80.9463131,26.9329108 80.9461414,26.9329853 80.9461501,26.9330021 80.9461836,26.9330673 80.9463532,26.9329933</coordinates></LinearRing></outerBoundaryIs></Polygon></Placemark><Placemark><name>4/51</name><ExtendedData><Data name="plot_no"><value>4/51</value></Data><Data name="count"><value>COUNT</value></Data><Data name="land_use"><value>RESIDENTIAL PLOT</value></Data><Data name="registration_no"><value>2075839</value></Data><Data name="pro_status"><value>R</value></Data><Data name="pro_no"><value>4/51</value></Data><Data name="plot_type"><value>C TYPE PLOT</value></Data><Data name="sanctioned_area_sqm"><value>200</value></Data><Data name="area_sqm"><value>198.86</value></Data><Data name="sector"><value>SECTOR 4</value></Data><Data name="tenure"><value>REGISTERED</value></Data></ExtendedData><Polygon><outerBoundaryIs><LinearRing><coordinates>80.9424926,26.9330026 80.9424877,26.9329534 80.9424836,26.9329128 80.9422823,26.9329317 80.9422904,26.9330196 80.9424926,26.9330026</coordinates></LinearRing></outerBoundaryIs></Polygon></Placemark><Placemark><name>4/93</name><ExtendedData><Data name="plot_no"><value>4/93</value></Data><Data name="count"><value>COUNT</value></Data><Data name="land_use"><value>RESIDENTIAL PLOT</value></Data><Data name="registration_no"><value>2005148</value></Data><Data name="pro_status"><value>R</value></Data><Data name="pro_no"><value>4/93</value></Data><Data name="plot_type"><value>MIG/ B TYPE HOUSE</value></Data><Data name="sanctioned_area_sqm"><value>162</value></Data><Data name="area_sqm"><value>159.83</value></Data><Data name="sector"><value>SECTOR 4</value></Data><Data name="tenure"><value>REGISTERED</value></Data></ExtendedData><Polygon><outerBoundaryIs><LinearRing><coordinates>80.9431341,26.9331144 80.9431263,26.9330335 80.9429480,26.9330485 80.9429550,26.9331186 80.9429562,26.9331294 80.9431341,26.9331144</coordinates></LinearRing></outerBoundaryIs></Polygon></Placemark><Placemark><name>4/277</name><ExtendedData><Data name="remark"><value>SHORTED PLOT NO(4/255,256,257,258)</value></Data><Data name="plot_no"><value>4/277</value></Data><Data name="count"><value>COUNT</value></Data><Data name="land_use"><value>RESIDENTIAL PLOT</value></Data><Data name="registration_no"><value>2243874</value></Data><Data name="pro_status"><value>R</value></Data><Data name="pro_no"><value>4/277</value></Data><Data name="plot_type"><value>D TYPE PLOT</value></Data><Data name="sanctioned_area_sqm"><value>115.50</value></Data><Data name="area_sqm"><value>117.77</value></Data><Data name="sector"><value>SECTOR 4</value></Data><Data name="tenure"><value>REGISTERED</value></Data></ExtendedData><Polygon><outerBoundaryIs><LinearRing><coordinates>80.9442256,26.9330525 80.9442200,26.9330075 80.9442178,26.9329897 80.9440493,26.9330064 80.9440516,26.9330246 80.9440571,26.9330692 80.9442256,26.9330525</coordinates></LinearRing></outerBoundaryIs></Polygon></Placemark><Placemark><name>4/171</name><ExtendedData><Data name="plot_no"><value>4/171</value></Data><Data name="count"><value>COUNT</value></Data><Data name="land_use"><value>RESIDENTIAL PLOT</value></Data><Data name="registration_no"><value>2078536</value></Data><Data name="pro_status"><value>A</value></Data><Data name="pro_no"><value>4/171</value></Data><Data name="plot_type"><value>D TYPE PLOT</value></Data><Data name="sanctioned_area_sqm"><value>115.50</value></Data><Data name="area_sqm"><value>113.28</value></Data><Data name="sector"><value>SECTOR 4</value></Data><Data name="tenure"><value>ALLOTTED</value></Data></ExtendedData><Polygon><outerBoundaryIs><LinearRing><coordinates>80.9446491,26.9330774 80.9446417,26.9330145 80.9444795,26.9330303 80.9444830,26.9330588 80.9444870,26.9330931 80.9446491,26.9330774</coordinates></LinearRing></outerBoundaryIs></Polygon></Placemark><Placemark><name>4/86</name><ExtendedData><Data name="plot_no"><value>4/86</value></Data><Data name="count"><value>COUNT</value></Data><Data name="land_use"><value>RESIDENTIAL PLOT</value></Data><Data name="registration_no"><value>2283870</value></Data><Data name="pro_status"><value>R</value></Data><Data name="pro_no"><value>4/86</value></Data><Data name="plot_type"><value>MIG/ B TYPE HOUSE</value></Data><Data name="sanctioned_area_sqm"><value>162</value></Data><Data name="area_sqm"><value>162.83</value></Data><Data name="sector"><value>SECTOR 4</value></Data><Data name="tenure"><value>REGISTERED</value></Data></ExtendedData><Polygon><outerBoundaryIs><LinearRing><coordinates>80.9429562,26.9331294 80.9429550,26.9331186 80.9429480,26.9330485 80.9427664,26.9330637 80.9427749,26.9331446 80.9429562,26.9331294</coordinates></LinearRing></outerBoundaryIs></Polygon></Placemark><Placemark><name>4/205</name><ExtendedData><Data name="plot_no"><value>4/205</value></Data><Data name="count"><value>COUNT</value></Data><Data name="land_use"><value>RESIDENTIAL PLOT</value></Data><Data name="registration_no"><value>2365576</value></Data><Data name="pro_status"><value>R</value></Data><Data name="pro_no"><value>4/205</value></Data><Data name="plot_type"><value>MIG/ B TYPE HOUSE</value></Data><Data name="sanctioned_area_sqm"><value>115.50</value></Data><Data name="area_sqm"><value>113.82</value></Data><Data name="sector"><value>SECTOR 4</value></Data><Data name="tenure"><value>REGISTERED</value></Data></ExtendedData><Polygon><outerBoundaryIs><LinearRing><coordinates>80.9444941,26.9331560 80.9444870,26.9330931 80.9443238,26.9331090 80.9443277,26.9331407 80.9443316,26.9331718 80.9444941,26.9331560</coordinates></LinearRing></outerBoundaryIs></Polygon></Placemark><Placemark><name>4/200</name><ExtendedData><Data name="plot_no"><value>4/200</value></Data><Data name="count"><value>COUNT</value></Data><Data name="land_use"><value>RESIDENTIAL PLOT</value></Data><Data name="registration_no"><value>2077969</value></Data><Data name="pro_status"><value>A</value></Data><Data name="pro_no"><value>4/200</value></Data><Data name="plot_type"><value>D TYPE PLOT</value></Data><Data name="sanctioned_area_sqm"><value>115.50</value></Data><Data name="area_sqm"><value>114.22</value></Data><Data name="sector"><value>SECTOR 4</value></Data><Data name="tenure"><value>ALLOTTED</value></Data></ExtendedData><Polygon><outerBoundaryIs><LinearRing><coordinates>80.9444870,26.9330931 80.9444830,26.9330588 80.9444795,26.9330303 80.9443160,26.9330462 80.9443192,26.9330719 80.9443238,26.9331090 80.9444870,26.9330931</coordinates></LinearRing></outerBoundaryIs></Polygon></Placemark><Placemark><name>4/353</name><ExtendedData><Data name="plot_no"><value>4/353</value></Data><Data name="count"><value>COUNT</value></Data><Data name="land_use"><value>RESIDENTIAL PLOT</value></Data><Data name="registration_no"><value>2245988</value></Data><Data name="pro_status"><value>R</value></Data><Data name="pro_no"><value>4/353</value></Data><Data name="plot_type"><value>C TYPE PLOT</value></Data><Data name="sanctioned_area_sqm"><value>162</value></Data><Data name="area_sqm"><value>323.91</value></Data><Data name="sector"><value>SECTOR 4</value></Data><Data name="tenure"><value>REGISTERED</value></Data></ExtendedData><Polygon><outerBoundaryIs><LinearRing><coordinates>80.9460992,26.9329033 80.9460835,26.9328728 80.9459301,26.9329478 80.9459288,26.9329484 80.9459294,26.9329491 80.9459306,26.9329506 80.9459233,26.9329595 80.9459227,26.9329602 80.9458959,26.9329900 80.9460350,26.9330909 80.9460581,26.9330682 80.9461046,26.9330313 80.9461501,26.9330021 80.9461414,26.9329853 80.9460992,26.9329033</coordinates></LinearRing></outerBoundaryIs></Polygon></Placemark><Placemark><name>4/166</name><ExtendedData><Data name="plot_no"><value>4/166</value></Data><Data name="count"><value>COUNT</value></Data><Data name="land_use"><value>RESIDENTIAL PLOT</value></Data><Data name="registration_no"><value>2149417</value></Data><Data name="pro_status"><value>R</value></Data><Data name="pro_no"><value>4/166</value></Data><Data name="plot_type"><value>MIG/ B TYPE HOUSE</value></Data><Data name="sanctioned_area_sqm"><value>115.50</value></Data><Data name="area_sqm"><value>113.39</value></Data><Data name="sector"><value>SECTOR 4</value></Data><Data name="tenure"><value>REGISTERED</value></Data></ExtendedData><Polygon><outerBoundaryIs><LinearRing><coordinates>80.9446565,26.9331402 80.9446491,26.9330774 80.9444870,26.9330931 80.9444941,26.9331560 80.9446565,26.9331402</coordinates></LinearRing></outerBoundaryIs></Polygon></Placemark><Placemark><name>4/370</name><ExtendedData><Data name="plot_no"><value>4/370</value></Data><Data name="count"><value>COUNT</value></Data><Data name="land_use"><value>RESIDENTIAL PLOT</value></Data><Data name="registration_no"><value>668982</value></Data><Data name="pro_status"><value>R</value></Data><Data name="pro_no"><value>4/370</value></Data><Data name="plot_type"><value>C TYPE PLOT</value></Data><Data name="sanctioned_area_sqm"><value>200</value></Data><Data name="area_sqm"><value>236.85</value></Data><Data name="sector"><value>SECTOR 4</value></Data><Data name="tenure"><value>REGISTERED</value></Data></ExtendedData><Polygon><outerBoundaryIs><LinearRing><coordinates>80.9462894,26.9331479 80.9463466,26.9331239 80.9463954,26.9331035 80.9464051,26.9330992 80.9463888,26.9330664 80.9463532,26.9329933 80.9461836,26.9330673 80.9462382,26.9331732 80.9462894,26.9331479</coordinates></LinearRing></outerBoundaryIs></Polygon></Placemark><Placemark><name>F-1</name><ExtendedData><Data name="plot_no"><value>F-1</value></Data><Data name="count"><value>COUNT</value></Data><Data name="land_use"><value>COMMERCIAL PLOT</value></Data><Data name="registration_no"><value>3092154</value></Data><Data name="pro_status"><value>A</value></Data><Data name="pro_no"><value>F-1</value></Data><Data name="plot_type"><value>COMM/AGENCY/GODOWN</value></Data><Data name="sanctioned_area_sqm"><value>2045.40</value></Data><Data name="area_sqm"><value>2122.9</value></Data><Data name="sector"><value>SECTOR 4</value></Data><Data name="tenure"><value>ALLOTTED</value></Data></ExtendedData><Polygon><outerBoundaryIs><LinearRing><coordinates>80.9456852,26.9331310 80.9457103,26.9330818 80.9457445,26.9330297 80.9457843,26.9329809 80.9458267,26.9329389 80.9456826,26.9326704 80.9453121,26.9328716 80.9451796,26.9328830 80.9453015,26.9331691 80.9456852,26.9331310</coordinates></LinearRing></outerBoundaryIs></Polygon></Placemark><Placemark><name>4/278</name><ExtendedData><Data name="remark"><value>SHORTED PLOT NO(4/255,256,257,258)</value></Data><Data name="plot_no"><value>4/278</value></Data><Data name="count"><value>COUNT</value></Data><Data name="land_use"><value>RESIDENTIAL PLOT</value></Data><Data name="registration_no"><value>2458854</value></Data><Data name="pro_status"><value>R</value></Data><Data name="pro_no"><value>4/278</value></Data><Data name="plot_type"><value>D TYPE PLOT</value></Data><Data name="sanctioned_area_sqm"><value>115.50</value></Data><Data name="area_sqm"><value>117.77</value></Data><Data name="sector"><value>SECTOR 4</value></Data><Data name="tenure"><value>REGISTERED</value></Data></ExtendedData><Polygon><outerBoundaryIs><LinearRing><coordinates>80.9442334,26.9331153 80.9442294,26.9330834 80.9442256,26.9330525 80.9440571,26.9330692 80.9440594,26.9330875 80.9440649,26.9331320 80.9442334,26.9331153</coordinates></LinearRing></outerBoundaryIs></Polygon></Placemark><Placemark><name>4/92</name><ExtendedData><Data name="plot_no"><value>4/92</value></Data><Data name="count"><value>COUNT</value></Data><Data name="land_use"><value>RESIDENTIAL PLOT</value></Data><Data name="registration_no"><value>2036774</value></Data><Data name="pro_status"><value>R</value></Data><Data name="pro_no"><value>4/92</value></Data><Data name="plot_type"><value>MIG/ B TYPE HOUSE</value></Data><Data name="sanctioned_area_sqm"><value>162</value></Data><Data name="area_sqm"><value>160.87</value></Data><Data name="sector"><value>SECTOR 4</value></Data><Data name="tenure"><value>REGISTERED</value></Data></ExtendedData><Polygon><outerBoundaryIs><LinearRing><coordinates>80.9431420,26.9331963 80.9431341,26.9331144 80.9429562,26.9331294 80.9429654,26.9332112 80.9431420,26.9331963</coordinates></LinearRing></outerBoundaryIs></Polygon></Placemark><Placemark><name>4/165</name><ExtendedData><Data name="plot_no"><value>4/165</value></Data><Data name="count"><value>COUNT</value></Data><Data name="land_use"><value>RESIDENTIAL PLOT</value></Data><Data name="registration_no"><value>2127803</value></Data><Data name="pro_status"><value>R</value></Data><Data name="pro_no"><value>4/165</value></Data><Data name="plot_type"><value>MIG/ B TYPE HOUSE</value></Data><Data name="sanctioned_area_sqm"><value>115.50</value></Data><Data name="area_sqm"><value>113.55</value></Data><Data name="sector"><value>SECTOR 4</value></Data><Data name="tenure"><value>REGISTERED</value></Data></ExtendedData><Polygon><outerBoundaryIs><LinearRing><coordinates>80.9446639,26.9332031 80.9446565,26.9331402 80.9444941,26.9331560 80.9445013,26.9332189 80.9446639,26.9332031</coordinates></LinearRing></outerBoundaryIs></Polygon></Placemark><Placemark><name>4/52</name><ExtendedData><Data name="plot_no"><value>4/52</value></Data><Data name="count"><value>COUNT</value></Data><Data name="land_use"><value>RESIDENTIAL PLOT</value></Data><Data name="registration_no"><value>2077760</value></Data><Data name="pro_status"><value>R</value></Data><Data name="pro_no"><value>4/52</value></Data><Data name="plot_type"><value>C TYPE PLOT</value></Data><Data name="sanctioned_area_sqm"><value>200</value></Data><Data name="area_sqm"><value>202.49</value></Data><Data name="sector"><value>SECTOR 4</value></Data><Data name="tenure"><value>REGISTERED</value></Data></ExtendedData><Polygon><outerBoundaryIs><LinearRing><coordinates>80.9425005,26.9330927 80.9424956,26.9330352 80.9424937,26.9330127 80.9424926,26.9330026 80.9422904,26.9330196 80.9422989,26.9331105 80.9425005,26.9330927</coordinates></LinearRing></outerBoundaryIs></Polygon></Placemark><Placemark><name>4/87</name><ExtendedData><Data name="plot_no"><value>4/87</value></Data><Data name="count"><value>COUNT</value></Data><Data name="land_use"><value>RESIDENTIAL PLOT</value></Data><Data name="registration_no"><value>2277400</value></Data><Data name="pro_status"><value>R</value></Data><Data name="pro_no"><value>4/87</value></Data><Data name="plot_type"><value>MIG/ B TYPE HOUSE</value></Data><Data name="sanctioned_area_sqm"><value>162</value></Data><Data name="area_sqm"><value>164.86</value></Data><Data name="sector"><value>SECTOR 4</value></Data><Data name="tenure"><value>REGISTERED</value></Data></ExtendedData><Polygon><outerBoundaryIs><LinearRing><coordinates>80.9429654,26.9332112 80.9429562,26.9331294 80.9427749,26.9331446 80.9427835,26.9332265 80.9429654,26.9332112</coordinates></LinearRing></outerBoundaryIs></Polygon></Placemark><Placemark><name>4/206</name><ExtendedData><Data name="plot_no"><value>4/206</value></Data><Data name="count"><value>COUNT</value></Data><Data name="land_use"><value>RESIDENTIAL PLOT</value></Data><Data name="registration_no"><value>2363217</value></Data><Data name="pro_status"><value>A</value></Data><Data name="pro_no"><value>4/206</value></Data><Data name="plot_type"><value>MIG/ B TYPE HOUSE</value></Data><Data name="sanctioned_area_sqm"><value>115.50</value></Data><Data name="area_sqm"><value>113.38</value></Data><Data name="sector"><value>SECTOR 4</value></Data><Data name="tenure"><value>ALLOTTED</value></Data></ExtendedData><Polygon><outerBoundaryIs><LinearRing><coordinates>80.9445013,26.9332189 80.9444941,26.9331560 80.9443316,26.9331718 80.9443365,26.9332108 80.9443394,26.9332346 80.9445013,26.9332189</coordinates></LinearRing></outerBoundaryIs></Polygon></Placemark><Placemark><name>4/279</name><ExtendedData><Data name="remark"><value>SHORTED PLOT NO(4/255,256,257,258)</value></Data><Data name="plot_no"><value>4/279</value></Data><Data name="count"><value>COUNT</value></Data><Data name="land_use"><value>RESIDENTIAL PLOT</value></Data><Data name="registration_no"><value>2076789</value></Data><Data name="pro_status"><value>A</value></Data><Data name="pro_no"><value>4/279</value></Data><Data name="plot_type"><value>D TYPE PLOT</value></Data><Data name="sanctioned_area_sqm"><value>115.50</value></Data><Data name="area_sqm"><value>117.77</value></Data><Data name="sector"><value>SECTOR 4</value></Data><Data name="tenure"><value>ALLOTTED</value></Data></ExtendedData><Polygon><outerBoundaryIs><LinearRing><coordinates>80.9442412,26.9331781 80.9442373,26.9331472 80.9442334,26.9331153 80.9440649,26.9331320 80.9440672,26.9331503 80.9440727,26.9331948 80.9442412,26.9331781</coordinates></LinearRing></outerBoundaryIs></Polygon></Placemark><Placemark><name>4/207</name><ExtendedData><Data name="plot_no"><value>4/207</value></Data><Data name="count"><value>COUNT</value></Data><Data name="land_use"><value>RESIDENTIAL PLOT</value></Data><Data name="registration_no"><value>2338692</value></Data><Data name="pro_status"><value>R</value></Data><Data name="pro_no"><value>4/207</value></Data><Data name="plot_type"><value>MIG/ B TYPE HOUSE</value></Data><Data name="sanctioned_area_sqm"><value>115.50</value></Data><Data name="area_sqm"><value>112.94</value></Data><Data name="sector"><value>SECTOR 4</value></Data><Data name="tenure"><value>REGISTERED</value></Data></ExtendedData><Polygon><outerBoundaryIs><LinearRing><coordinates>80.9445085,26.9332818 80.9445013,26.9332189 80.9443394,26.9332346 80.9443438,26.9332703 80.9443443,26.9332737 80.9443472,26.9332974 80.9445085,26.9332818</coordinates></LinearRing></outerBoundaryIs></Polygon></Placemark><Placemark><name>4/91</name><ExtendedData><Data name="plot_no"><value>4/91</value></Data><Data name="count"><value>COUNT</value></Data><Data name="land_use"><value>RESIDENTIAL PLOT</value></Data><Data name="registration_no"><value>2038861</value></Data><Data name="pro_status"><value>R</value></Data><Data name="pro_no"><value>4/91</value></Data><Data name="plot_type"><value>MIG/ B TYPE HOUSE</value></Data><Data name="sanctioned_area_sqm"><value>162</value></Data><Data name="area_sqm"><value>158.52</value></Data><Data name="sector"><value>SECTOR 4</value></Data><Data name="tenure"><value>REGISTERED</value></Data></ExtendedData><Polygon><outerBoundaryIs><LinearRing><coordinates>80.9431498,26.9332773 80.9431420,26.9331963 80.9429654,26.9332112 80.9429658,26.9332151 80.9429730,26.9332921 80.9431498,26.9332773</coordinates></LinearRing></outerBoundaryIs></Polygon></Placemark><Placemark><name>4/164</name><ExtendedData><Data name="plot_no"><value>4/164</value></Data><Data name="count"><value>COUNT</value></Data><Data name="land_use"><value>RESIDENTIAL PLOT</value></Data><Data name="registration_no"><value>2153048</value></Data><Data name="pro_status"><value>R</value></Data><Data name="pro_no"><value>4/164</value></Data><Data name="plot_type"><value>MIG/ B TYPE HOUSE</value></Data><Data name="sanctioned_area_sqm"><value>115.50</value></Data><Data name="area_sqm"><value>113.7</value></Data><Data name="sector"><value>SECTOR 4</value></Data><Data name="tenure"><value>REGISTERED</value></Data></ExtendedData><Polygon><outerBoundaryIs><LinearRing><coordinates>80.9446713,26.9332659 80.9446639,26.9332031 80.9445013,26.9332189 80.9445085,26.9332818 80.9446713,26.9332659</coordinates></LinearRing></outerBoundaryIs></Polygon></Placemark><Placemark><name>4/53</name><ExtendedData><Data name="plot_no"><value>4/53</value></Data><Data name="count"><value>COUNT</value></Data><Data name="land_use"><value>RESIDENTIAL PLOT</value></Data><Data name="registration_no"><value>2077637</value></Data><Data name="pro_status"><value>R</value></Data><Data name="pro_no"><value>4/53</value></Data><Data name="plot_type"><value>C TYPE PLOT</value></Data><Data name="sanctioned_area_sqm"><value>200</value></Data><Data name="area_sqm"><value>202.12</value></Data><Data name="sector"><value>SECTOR 4</value></Data><Data name="tenure"><value>REGISTERED</value></Data></ExtendedData><Polygon><outerBoundaryIs><LinearRing><coordinates>80.9425081,26.9331828 80.9425023,26.9331143 80.9425005,26.9330927 80.9422989,26.9331105 80.9423074,26.9332016 80.9425081,26.9331828</coordinates></LinearRing></outerBoundaryIs></Polygon></Placemark><Placemark><name>4/88</name><ExtendedData><Data name="plot_no"><value>4/88</value></Data><Data name="count"><value>COUNT</value></Data><Data name="land_use"><value>RESIDENTIAL PLOT</value></Data><Data name="registration_no"><value>2386378</value></Data><Data name="pro_status"><value>R</value></Data><Data name="pro_no"><value>4/88</value></Data><Data name="plot_type"><value>MIG/ B TYPE HOUSE</value></Data><Data name="sanctioned_area_sqm"><value>162</value></Data><Data name="area_sqm"><value>162.85</value></Data><Data name="sector"><value>SECTOR 4</value></Data><Data name="tenure"><value>REGISTERED</value></Data></ExtendedData><Polygon><outerBoundaryIs><LinearRing><coordinates>80.9429730,26.9332921 80.9429658,26.9332151 80.9429654,26.9332112 80.9427835,26.9332265 80.9427920,26.9333074 80.9429730,26.9332921</coordinates></LinearRing></outerBoundaryIs></Polygon></Placemark><Placemark><name>4/163</name><ExtendedData><Data name="plot_no"><value>4/163</value></Data><Data name="count"><value>COUNT</value></Data><Data name="land_use"><value>RESIDENTIAL PLOT</value></Data><Data name="registration_no"><value>2153013</value></Data><Data name="pro_status"><value>A</value></Data><Data name="pro_no"><value>4/163</value></Data><Data name="plot_type"><value>MIG/ B TYPE HOUSE</value></Data><Data name="sanctioned_area_sqm"><value>115.50</value></Data><Data name="area_sqm"><value>113.86</value></Data><Data name="sector"><value>SECTOR 4</value></Data><Data name="tenure"><value>ALLOTTED</value></Data></ExtendedData><Polygon><outerBoundaryIs><LinearRing><coordinates>80.9446787,26.9333288 80.9446713,26.9332659 80.9445085,26.9332818 80.9445157,26.9333446 80.9446787,26.9333288</coordinates></LinearRing></outerBoundaryIs></Polygon></Placemark><Placemark><name>4/280</name><ExtendedData><Data name="remark"><value>SHORTED PLOT NO(4/255,256,257,258)</value></Data><Data name="plot_no"><value>4/280</value></Data><Data name="count"><value>COUNT</value></Data><Data name="land_use"><value>RESIDENTIAL PLOT</value></Data><Data name="registration_no"><value>2377326</value></Data><Data name="pro_status"><value>R</value></Data><Data name="pro_no"><value>4/280</value></Data><Data name="plot_type"><value>D TYPE PLOT</value></Data><Data name="sanctioned_area_sqm"><value>115.50</value></Data><Data name="area_sqm"><value>175.72</value></Data><Data name="sector"><value>SECTOR 4</value></Data><Data name="tenure"><value>REGISTERED</value></Data></ExtendedData><Polygon><outerBoundaryIs><LinearRing><coordinates>80.9442470,26.9332248 80.9442412,26.9331781 80.9440727,26.9331948 80.9440750,26.9332131 80.9440842,26.9332870 80.9441348,26.9332822 80.9441423,26.9332815 80.9442522,26.9332746 80.9442532,26.9332746 80.9442527,26.9332709 80.9442470,26.9332248</coordinates></LinearRing></outerBoundaryIs></Polygon></Placemark><Placemark><name>4/208</name><ExtendedData><Data name="plot_no"><value>4/208</value></Data><Data name="count"><value>COUNT</value></Data><Data name="land_use"><value>RESIDENTIAL PLOT</value></Data><Data name="registration_no"><value>2363241</value></Data><Data name="pro_status"><value>R</value></Data><Data name="pro_no"><value>4/208</value></Data><Data name="plot_type"><value>MIG/ B TYPE HOUSE</value></Data><Data name="sanctioned_area_sqm"><value>115.50</value></Data><Data name="area_sqm"><value>112.51</value></Data><Data name="sector"><value>SECTOR 4</value></Data><Data name="tenure"><value>REGISTERED</value></Data></ExtendedData><Polygon><outerBoundaryIs><LinearRing><coordinates>80.9445157,26.9333446 80.9445085,26.9332818 80.9443472,26.9332974 80.9443495,26.9333159 80.9443524,26.9333389 80.9443549,26.9333603 80.9445157,26.9333446</coordinates></LinearRing></outerBoundaryIs></Polygon></Placemark><Placemark><name>4/355</name><ExtendedData><Data name="plot_no"><value>4/355</value></Data><Data name="count"><value>COUNT</value></Data><Data name="land_use"><value>RESIDENTIAL PLOT</value></Data><Data name="registration_no"><value>2352659</value></Data><Data name="pro_status"><value>R</value></Data><Data name="pro_no"><value>4/355</value></Data><Data name="plot_type"><value>C TYPE PLOT</value></Data><Data name="sanctioned_area_sqm"><value>162</value></Data><Data name="area_sqm"><value>268.23</value></Data><Data name="sector"><value>SECTOR 4</value></Data><Data name="tenure"><value>REGISTERED</value></Data></ExtendedData><Polygon><outerBoundaryIs><LinearRing><coordinates>80.9459340,26.9332288 80.9457880,26.9331265 80.9457828,26.9331340 80.9457651,26.9331682 80.9457648,26.9331738 80.9457638,26.9331793 80.9457619,26.9331847 80.9457601,26.9331895 80.9457574,26.9331939 80.9457541,26.9331981 80.9457502,26.9332017 80.9457457,26.9332048 80.9457407,26.9332072 80.9457397,26.9332073 80.9458454,26.9333635 80.9458476,26.9333633 80.9458886,26.9333592 80.9458897,26.9333547 80.9459021,26.9333053 80.9459219,26.9332525 80.9459340,26.9332288</coordinates></LinearRing></outerBoundaryIs></Polygon></Placemark><Placemark><name>4/89</name><ExtendedData><Data name="plot_no"><value>4/89</value></Data><Data name="count"><value>COUNT</value></Data><Data name="land_use"><value>RESIDENTIAL PLOT</value></Data><Data name="registration_no"><value>2038077</value></Data><Data name="pro_status"><value>R</value></Data><Data name="pro_no"><value>4/89</value></Data><Data name="plot_type"><value>MIG/ B TYPE HOUSE</value></Data><Data name="sanctioned_area_sqm"><value>162</value></Data><Data name="area_sqm"><value>202.44</value></Data><Data name="sector"><value>SECTOR 4</value></Data><Data name="tenure"><value>REGISTERED</value></Data></ExtendedData><Polygon><outerBoundaryIs><LinearRing><coordinates>80.9429823,26.9333924 80.9429730,26.9332921 80.9427920,26.9333074 80.9428028,26.9334096 80.9429823,26.9333924</coordinates></LinearRing></outerBoundaryIs></Polygon></Placemark><Placemark><name>4/54</name><ExtendedData><Data name="plot_no"><value>4/54</value></Data><Data name="count"><value>COUNT</value></Data><Data name="land_use"><value>RESIDENTIAL PLOT</value></Data><Data name="registration_no"><value>2077688</value></Data><Data name="pro_status"><value>R</value></Data><Data name="pro_no"><value>4/54</value></Data><Data name="plot_type"><value>C TYPE PLOT</value></Data><Data name="sanctioned_area_sqm"><value>200</value></Data><Data name="area_sqm"><value>200.09</value></Data><Data name="sector"><value>SECTOR 4</value></Data><Data name="tenure"><value>REGISTERED</value></Data></ExtendedData><Polygon><outerBoundaryIs><LinearRing><coordinates>80.9425163,26.9332728 80.9425129,26.9332392 80.9425093,26.9331965 80.9425081,26.9331828 80.9423074,26.9332016 80.9423158,26.9332916 80.9425163,26.9332728</coordinates></LinearRing></outerBoundaryIs></Polygon></Placemark><Placemark><name>4/209</name><ExtendedData><Data name="plot_no"><value>4/209</value></Data><Data name="count"><value>COUNT</value></Data><Data name="land_use"><value>RESIDENTIAL PLOT</value></Data><Data name="registration_no"><value>2182593</value></Data><Data name="pro_status"><value>R</value></Data><Data name="pro_no"><value>4/209</value></Data><Data name="plot_type"><value>MIG/ B TYPE HOUSE</value></Data><Data name="sanctioned_area_sqm"><value>115.50</value></Data><Data name="area_sqm"><value>113.49</value></Data><Data name="sector"><value>SECTOR 4</value></Data><Data name="tenure"><value>REGISTERED</value></Data></ExtendedData><Polygon><outerBoundaryIs><LinearRing><coordinates>80.9445229,26.9334084 80.9445157,26.9333446 80.9443549,26.9333603 80.9443567,26.9333748 80.9443625,26.9334236 80.9445229,26.9334084</coordinates></LinearRing></outerBoundaryIs></Polygon></Placemark><Placemark><name>4/90</name><ExtendedData><Data name="plot_no"><value>4/90</value></Data><Data name="count"><value>COUNT</value></Data><Data name="land_use"><value>RESIDENTIAL PLOT</value></Data><Data name="registration_no"><value>2153685</value></Data><Data name="pro_status"><value>R</value></Data><Data name="pro_no"><value>4/90</value></Data><Data name="plot_type"><value>MIG/ B TYPE HOUSE</value></Data><Data name="sanctioned_area_sqm"><value>162</value></Data><Data name="area_sqm"><value>194.64</value></Data><Data name="sector"><value>SECTOR 4</value></Data><Data name="tenure"><value>REGISTERED</value></Data></ExtendedData><Polygon><outerBoundaryIs><LinearRing><coordinates>80.9430517,26.9333858 80.9431593,26.9333755 80.9431498,26.9332773 80.9429730,26.9332921 80.9429823,26.9333924 80.9430517,26.9333858</coordinates></LinearRing></outerBoundaryIs></Polygon></Placemark><Placemark><name>4/356</name><ExtendedData><Data name="plot_no"><value>4/356</value></Data><Data name="count"><value>COUNT</value></Data><Data name="land_use"><value>RESIDENTIAL PLOT</value></Data><Data name="registration_no"><value>2374230</value></Data><Data name="pro_status"><value>R</value></Data><Data name="pro_no"><value>4/356</value></Data><Data name="plot_type"><value>C TYPE PLOT</value></Data><Data name="sanctioned_area_sqm"><value>162</value></Data><Data name="area_sqm"><value>295.78</value></Data><Data name="sector"><value>SECTOR 4</value></Data><Data name="tenure"><value>REGISTERED</value></Data></ExtendedData><Polygon><outerBoundaryIs><LinearRing><coordinates>80.9457335,26.9333735 80.9458337,26.9333645 80.9458454,26.9333635 80.9457397,26.9332073 80.9456202,26.9332192 80.9456393,26.9333819 80.9457335,26.9333735</coordinates></LinearRing></outerBoundaryIs></Polygon></Placemark><Placemark><name>4/162</name><ExtendedData><Data name="plot_no"><value>4/162</value></Data><Data name="count"><value>COUNT</value></Data><Data name="land_use"><value>RESIDENTIAL PLOT</value></Data><Data name="registration_no"><value>2149401</value></Data><Data name="pro_status"><value>A</value></Data><Data name="pro_no"><value>4/162</value></Data><Data name="plot_type"><value>MIG/ B TYPE HOUSE</value></Data><Data name="sanctioned_area_sqm"><value>115.50</value></Data><Data name="area_sqm"><value>115.93</value></Data><Data name="sector"><value>SECTOR 4</value></Data><Data name="tenure"><value>ALLOTTED</value></Data></ExtendedData><Polygon><outerBoundaryIs><LinearRing><coordinates>80.9446861,26.9333918 80.9446787,26.9333288 80.9445157,26.9333446 80.9445229,26.9334084 80.9445231,26.9334094 80.9446861,26.9333918</coordinates></LinearRing></outerBoundaryIs></Polygon></Placemark><Placemark><name>4/357</name><ExtendedData><Data name="plot_no"><value>4/357</value></Data><Data name="count"><value>COUNT</value></Data><Data name="land_use"><value>RESIDENTIAL PLOT</value></Data><Data name="registration_no"><value>2131448</value></Data><Data name="pro_status"><value>R</value></Data><Data name="pro_no"><value>4/357</value></Data><Data name="plot_type"><value>C TYPE PLOT</value></Data><Data name="sanctioned_area_sqm"><value>162</value></Data><Data name="area_sqm"><value>162.62</value></Data><Data name="sector"><value>SECTOR 4</value></Data><Data name="tenure"><value>REGISTERED</value></Data></ExtendedData><Polygon><outerBoundaryIs><LinearRing><coordinates>80.9456352,26.9333822 80.9456393,26.9333819 80.9456202,26.9332192 80.9455301,26.9332281 80.9455491,26.9333899 80.9456352,26.9333822</coordinates></LinearRing></outerBoundaryIs></Polygon></Placemark><Placemark><name>4/358</name><ExtendedData><Data name="plot_no"><value>4/358</value></Data><Data name="count"><value>COUNT</value></Data><Data name="land_use"><value>RESIDENTIAL PLOT</value></Data><Data name="registration_no"><value>2131431</value></Data><Data name="pro_status"><value>R</value></Data><Data name="pro_no"><value>4/358</value></Data><Data name="plot_type"><value>C TYPE PLOT</value></Data><Data name="sanctioned_area_sqm"><value>162</value></Data><Data name="area_sqm"><value>158.88</value></Data><Data name="sector"><value>SECTOR 4</value></Data><Data name="tenure"><value>REGISTERED</value></Data></ExtendedData><Polygon><outerBoundaryIs><LinearRing><coordinates>80.9455349,26.9333912 80.9455491,26.9333899 80.9455301,26.9332281 80.9454416,26.9332369 80.9454605,26.9333978 80.9455349,26.9333912</coordinates></LinearRing></outerBoundaryIs></Polygon></Placemark><Placemark><name>4/211</name><ExtendedData><Data name="plot_no"><value>4/211</value></Data><Data name="count"><value>COUNT</value></Data><Data name="land_use"><value>RESIDENTIAL PLOT</value></Data><Data name="registration_no"><value>2359332</value></Data><Data name="pro_status"><value>R</value></Data><Data name="pro_no"><value>4/211</value></Data><Data name="plot_type"><value>MIG/ B TYPE HOUSE</value></Data><Data name="sanctioned_area_sqm"><value>162</value></Data><Data name="area_sqm"><value>162.0</value></Data><Data name="sector"><value>SECTOR 4</value></Data><Data name="tenure"><value>REGISTERED</value></Data></ExtendedData><Polygon><outerBoundaryIs><LinearRing><coordinates>80.9442768,26.9335138 80.9442675,26.9334326 80.9442614,26.9333793 80.9442583,26.9333521 80.9442554,26.9333524 80.9442408,26.9333538 80.9441681,26.9333607 80.9441867,26.9335224 80.9442768,26.9335138</coordinates></LinearRing></outerBoundaryIs></Polygon></Placemark><Placemark><name>4/359</name><ExtendedData><Data name="plot_no"><value>4/359</value></Data><Data name="count"><value>COUNT</value></Data><Data name="land_use"><value>RESIDENTIAL PLOT</value></Data><Data name="registration_no"><value>2130136</value></Data><Data name="pro_status"><value>R</value></Data><Data name="pro_no"><value>4/359</value></Data><Data name="plot_type"><value>C TYPE PLOT</value></Data><Data name="sanctioned_area_sqm"><value>162</value></Data><Data name="area_sqm"><value>233.65</value></Data><Data name="sector"><value>SECTOR 4</value></Data><Data name="tenure"><value>REGISTERED</value></Data></ExtendedData><Polygon><outerBoundaryIs><LinearRing><coordinates>80.9454347,26.9334001 80.9454605,26.9333978 80.9454416,26.9332369 80.9453112,26.9332499 80.9453286,26.9334096 80.9454347,26.9334001</coordinates></LinearRing></outerBoundaryIs></Polygon></Placemark><Placemark><name>4/212</name><ExtendedData><Data name="plot_no"><value>4/212</value></Data><Data name="count"><value>COUNT</value></Data><Data name="land_use"><value>RESIDENTIAL PLOT</value></Data><Data name="registration_no"><value>2359340</value></Data><Data name="pro_status"><value>R</value></Data><Data name="pro_no"><value>4/212</value></Data><Data name="plot_type"><value>MIG/ B TYPE HOUSE</value></Data><Data name="sanctioned_area_sqm"><value>162</value></Data><Data name="area_sqm"><value>161.11</value></Data><Data name="sector"><value>SECTOR 4</value></Data><Data name="tenure"><value>REGISTERED</value></Data></ExtendedData><Polygon><outerBoundaryIs><LinearRing><coordinates>80.9441793,26.9335231 80.9441867,26.9335224 80.9441681,26.9333607 80.9441377,26.9333636 80.9440780,26.9333694 80.9440975,26.9335309 80.9441793,26.9335231</coordinates></LinearRing></outerBoundaryIs></Polygon></Placemark><Placemark><name>4/213</name><ExtendedData><Data name="plot_no"><value>4/213</value></Data><Data name="count"><value>COUNT</value></Data><Data name="land_use"><value>RESIDENTIAL PLOT</value></Data><Data name="registration_no"><value>2359324</value></Data><Data name="pro_status"><value>R</value></Data><Data name="pro_no"><value>4/213</value></Data><Data name="plot_type"><value>MIG/ B TYPE HOUSE</value></Data><Data name="sanctioned_area_sqm"><value>162</value></Data><Data name="area_sqm"><value>162.0</value></Data><Data name="sector"><value>SECTOR 4</value></Data><Data name="tenure"><value>REGISTERED</value></Data></ExtendedData><Polygon><outerBoundaryIs><LinearRing><coordinates>80.9440838,26.9335322 80.9440975,26.9335309 80.9440780,26.9333694 80.9439879,26.9333780 80.9440073,26.9335396 80.9440838,26.9335322</coordinates></LinearRing></outerBoundaryIs></Polygon></Placemark><Placemark><name>4/214</name><ExtendedData><Data name="plot_no"><value>4/214</value></Data><Data name="count"><value>COUNT</value></Data><Data name="land_use"><value>RESIDENTIAL PLOT</value></Data><Data name="registration_no"><value>2359276</value></Data><Data name="pro_status"><value>R</value></Data><Data name="pro_no"><value>4/214</value></Data><Data name="plot_type"><value>MIG/ B TYPE HOUSE</value></Data><Data name="sanctioned_area_sqm"><value>162</value></Data><Data name="area_sqm"><value>162.0</value></Data><Data name="sector"><value>SECTOR 4</value></Data><Data name="tenure"><value>REGISTERED</value></Data></ExtendedData><Polygon><outerBoundaryIs><LinearRing><coordinates>80.9439860,26.9335416 80.9440073,26.9335396 80.9439879,26.9333780 80.9438977,26.9333866 80.9439172,26.9335482 80.9439860,26.9335416</coordinates></LinearRing></outerBoundaryIs></Polygon></Placemark><Placemark><name>4/55</name><ExtendedData><Data name="plot_no"><value>4/55</value></Data><Data name="count"><value>COUNT</value></Data><Data name="land_use"><value>RESIDENTIAL PLOT</value></Data><Data name="registration_no"><value>2076026</value></Data><Data name="pro_status"><value>R</value></Data><Data name="pro_no"><value>4/55</value></Data><Data name="plot_type"><value>C TYPE PLOT</value></Data><Data name="sanctioned_area_sqm"><value>200</value></Data><Data name="area_sqm"><value>200.46</value></Data><Data name="sector"><value>SECTOR 4</value></Data><Data name="tenure"><value>REGISTERED</value></Data></ExtendedData><Polygon><outerBoundaryIs><LinearRing><coordinates>80.9425253,26.9333627 80.9425248,26.9333569 80.9425167,26.9332767 80.9425163,26.9332728 80.9423158,26.9332916 80.9423242,26.9333816 80.9425253,26.9333627</coordinates></LinearRing></outerBoundaryIs></Polygon></Placemark><Placemark><name>4/161</name><ExtendedData><Data name="plot_no"><value>4/161</value></Data><Data name="count"><value>COUNT</value></Data><Data name="land_use"><value>RESIDENTIAL PLOT</value></Data><Data name="registration_no"><value>2078065</value></Data><Data name="pro_status"><value>R</value></Data><Data name="pro_no"><value>4/161</value></Data><Data name="plot_type"><value>D TYPE PLOT</value></Data><Data name="sanctioned_area_sqm"><value>115.50</value></Data><Data name="area_sqm"><value>146.96</value></Data><Data name="sector"><value>SECTOR 4</value></Data><Data name="tenure"><value>REGISTERED</value></Data></ExtendedData><Polygon><outerBoundaryIs><LinearRing><coordinates>80.9446957,26.9334737 80.9446861,26.9333918 80.9445231,26.9334094 80.9445322,26.9334894 80.9445798,26.9334848 80.9446957,26.9334737</coordinates></LinearRing></outerBoundaryIs></Polygon></Placemark><Placemark><name>4/365</name><ExtendedData><Data name="plot_no"><value>4/365</value></Data><Data name="count"><value>COUNT</value></Data><Data name="land_use"><value>RESIDENTIAL PLOT</value></Data><Data name="registration_no"><value>2479765</value></Data><Data name="pro_status"><value>R</value></Data><Data name="pro_no"><value>4/365</value></Data><Data name="plot_type"><value>C TYPE PLOT</value></Data><Data name="sanctioned_area_sqm"><value>200</value></Data><Data name="area_sqm"><value>202.34</value></Data><Data name="sector"><value>SECTOR 4</value></Data><Data name="tenure"><value>REGISTERED</value></Data></ExtendedData><Polygon><outerBoundaryIs><LinearRing><coordinates>80.9459339,26.9333547 80.9458476,26.9333633 80.9458454,26.9333635 80.9458337,26.9333645 80.9458539,26.9335463 80.9459541,26.9335366 80.9459340,26.9333556 80.9459339,26.9333547</coordinates></LinearRing></outerBoundaryIs></Polygon></Placemark><Placemark><name>4/210</name><ExtendedData><Data name="plot_no"><value>4/210</value></Data><Data name="count"><value>COUNT</value></Data><Data name="land_use"><value>RESIDENTIAL PLOT</value></Data><Data name="registration_no"><value>2555154</value></Data><Data name="pro_status"><value>R</value></Data><Data name="pro_no"><value>4/210</value></Data><Data name="plot_type"><value>D TYPE PLOT</value></Data><Data name="sanctioned_area_sqm"><value>115.50</value></Data><Data name="area_sqm"><value>230.15</value></Data><Data name="sector"><value>SECTOR 4</value></Data><Data name="tenure"><value>REGISTERED</value></Data></ExtendedData><Polygon><outerBoundaryIs><LinearRing><coordinates>80.9442793,26.9335135 80.9443795,26.9335040 80.9444796,26.9334944 80.9445322,26.9334894 80.9445231,26.9334094 80.9445229,26.9334084 80.9443625,26.9334236 80.9442675,26.9334326 80.9442768,26.9335138 80.9442793,26.9335135</coordinates></LinearRing></outerBoundaryIs></Polygon></Placemark><Placemark><name>4/367</name><ExtendedData><Data name="plot_no"><value>4/367</value></Data><Data name="count"><value>COUNT</value></Data><Data name="land_use"><value>RESIDENTIAL PLOT</value></Data><Data name="registration_no"><value>2357740</value></Data><Data name="pro_status"><value>R</value></Data><Data name="pro_no"><value>4/367</value></Data><Data name="plot_type"><value>C TYPE PLOT</value></Data><Data name="sanctioned_area_sqm"><value>200</value></Data><Data name="area_sqm"><value>394.61</value></Data><Data name="sector"><value>SECTOR 4</value></Data><Data name="tenure"><value>REGISTERED</value></Data></ExtendedData><Polygon><outerBoundaryIs><LinearRing><coordinates>80.9461655,26.9332508 80.9459805,26.9331524 80.9459792,26.9331540 80.9459783,26.9331554 80.9459477,26.9332019 80.9459340,26.9332288 80.9459219,26.9332525 80.9459021,26.9333053 80.9458897,26.9333547 80.9458886,26.9333592 80.9459339,26.9333547 80.9459821,26.9333499 80.9461209,26.9333484 80.9461378,26.9333073 80.9461626,26.9332549 80.9461655,26.9332508</coordinates></LinearRing></outerBoundaryIs></Polygon></Placemark><Placemark><name>4/363</name><ExtendedData><Data name="plot_no"><value>4/363</value></Data><Data name="count"><value>COUNT</value></Data><Data name="land_use"><value>RESIDENTIAL PLOT</value></Data><Data name="registration_no"><value>2638068</value></Data><Data name="pro_status"><value>R</value></Data><Data name="pro_no"><value>4/363</value></Data><Data name="plot_type"><value>C TYPE PLOT</value></Data><Data name="sanctioned_area_sqm"><value>200</value></Data><Data name="area_sqm"><value>201.62</value></Data><Data name="sector"><value>SECTOR 4</value></Data><Data name="tenure"><value>REGISTERED</value></Data></ExtendedData><Polygon><outerBoundaryIs><LinearRing><coordinates>80.9457538,26.9335561 80.9457335,26.9333735 80.9456393,26.9333819 80.9456352,26.9333822 80.9456538,26.9335658 80.9457538,26.9335561</coordinates></LinearRing></outerBoundaryIs></Polygon></Placemark><Placemark><name>4/156</name><ExtendedData><Data name="plot_no"><value>4/156</value></Data><Data name="count"><value>COUNT</value></Data><Data name="land_use"><value>RESIDENTIAL PLOT</value></Data><Data name="registration_no"><value>2205063</value></Data><Data name="pro_status"><value>R</value></Data><Data name="pro_no"><value>4/156</value></Data><Data name="plot_type"><value>C TYPE PLOT</value></Data><Data name="sanctioned_area_sqm"><value>200</value></Data><Data name="area_sqm"><value>195.53</value></Data><Data name="sector"><value>SECTOR 4</value></Data><Data name="tenure"><value>REGISTERED</value></Data></ExtendedData><Polygon><outerBoundaryIs><LinearRing><coordinates>80.9442997,26.9336916 80.9442793,26.9335135 80.9442768,26.9335138 80.9441867,26.9335224 80.9441793,26.9335231 80.9442022,26.9337010 80.9442997,26.9336916</coordinates></LinearRing></outerBoundaryIs></Polygon></Placemark><Placemark><name>4/157</name><ExtendedData><Data name="plot_no"><value>4/157</value></Data><Data name="count"><value>COUNT</value></Data><Data name="land_use"><value>RESIDENTIAL PLOT</value></Data><Data name="registration_no"><value>2002386</value></Data><Data name="pro_status"><value>R</value></Data><Data name="pro_no"><value>4/157</value></Data><Data name="plot_type"><value>C TYPE PLOT</value></Data><Data name="sanctioned_area_sqm"><value>200</value></Data><Data name="area_sqm"><value>198.22</value></Data><Data name="sector"><value>SECTOR 4</value></Data><Data name="tenure"><value>REGISTERED</value></Data></ExtendedData><Polygon><outerBoundaryIs><LinearRing><coordinates>80.9443998,26.9336820 80.9443795,26.9335040 80.9442793,26.9335135 80.9442997,26.9336916 80.9443998,26.9336820</coordinates></LinearRing></outerBoundaryIs></Polygon></Placemark><Placemark><name>4/361</name><ExtendedData><Data name="plot_no"><value>4/361</value></Data><Data name="count"><value>COUNT</value></Data><Data name="land_use"><value>RESIDENTIAL PLOT</value></Data><Data name="registration_no"><value>2132978</value></Data><Data name="pro_status"><value>R</value></Data><Data name="pro_no"><value>4/361</value></Data><Data name="plot_type"><value>C TYPE PLOT</value></Data><Data name="sanctioned_area_sqm"><value>200</value></Data><Data name="area_sqm"><value>205.4</value></Data><Data name="sector"><value>SECTOR 4</value></Data><Data name="tenure"><value>REGISTERED</value></Data></ExtendedData><Polygon><outerBoundaryIs><LinearRing><coordinates>80.9454956,26.9335812 80.9455536,26.9335756 80.9455349,26.9333912 80.9454605,26.9333978 80.9454347,26.9334001 80.9454534,26.9335850 80.9454956,26.9335812</coordinates></LinearRing></outerBoundaryIs></Polygon></Placemark><Placemark><name>4/154</name><ExtendedData><Data name="plot_no"><value>4/154</value></Data><Data name="count"><value>COUNT</value></Data><Data name="land_use"><value>RESIDENTIAL PLOT</value></Data><Data name="registration_no"><value>2071076</value></Data><Data name="pro_status"><value>R</value></Data><Data name="pro_no"><value>4/154</value></Data><Data name="plot_type"><value>C TYPE PLOT</value></Data><Data name="sanctioned_area_sqm"><value>200</value></Data><Data name="area_sqm"><value>194.56</value></Data><Data name="sector"><value>SECTOR 4</value></Data><Data name="tenure"><value>REGISTERED</value></Data></ExtendedData><Polygon><outerBoundaryIs><LinearRing><coordinates>80.9440984,26.9337109 80.9440838,26.9335322 80.9440073,26.9335396 80.9439860,26.9335416 80.9439997,26.9337204 80.9440984,26.9337109</coordinates></LinearRing></outerBoundaryIs></Polygon></Placemark><Placemark><name>4/360</name><ExtendedData><Data name="plot_no"><value>4/360</value></Data><Data name="count"><value>COUNT</value></Data><Data name="land_use"><value>RESIDENTIAL PLOT</value></Data><Data name="registration_no"><value>2132986</value></Data><Data name="pro_status"><value>R</value></Data><Data name="pro_no"><value>4/360</value></Data><Data name="plot_type"><value>C TYPE PLOT</value></Data><Data name="sanctioned_area_sqm"><value>200</value></Data><Data name="area_sqm"><value>216.23</value></Data><Data name="sector"><value>SECTOR 4</value></Data><Data name="tenure"><value>REGISTERED</value></Data></ExtendedData><Polygon><outerBoundaryIs><LinearRing><coordinates>80.9454534,26.9335850 80.9454347,26.9334001 80.9453286,26.9334096 80.9453486,26.9335943 80.9454534,26.9335850</coordinates></LinearRing></outerBoundaryIs></Polygon></Placemark><Placemark><name>4/147</name><ExtendedData><Data name="plot_no"><value>4/147</value></Data><Data name="count"><value>COUNT</value></Data><Data name="land_use"><value>RESIDENTIAL PLOT</value></Data><Data name="registration_no"><value>2070375</value></Data><Data name="pro_status"><value>R</value></Data><Data name="pro_no"><value>4/147</value></Data><Data name="plot_type"><value>C TYPE PLOT</value></Data><Data name="sanctioned_area_sqm"><value>200</value></Data><Data name="area_sqm"><value>198.82</value></Data><Data name="sector"><value>SECTOR 4</value></Data><Data name="tenure"><value>REGISTERED</value></Data></ExtendedData><Polygon><outerBoundaryIs><LinearRing><coordinates>80.9434007,26.9337780 80.9433847,26.9335991 80.9433777,26.9335998 80.9432875,26.9336084 80.9432845,26.9336087 80.9433005,26.9337876 80.9434007,26.9337780</coordinates></LinearRing></outerBoundaryIs></Polygon></Placemark><Placemark><name>4/160</name><ExtendedData><Data name="plot_no"><value>4/160</value></Data><Data name="count"><value>COUNT</value></Data><Data name="land_use"><value>RESIDENTIAL PLOT</value></Data><Data name="registration_no"><value>2445462</value></Data><Data name="pro_status"><value>R</value></Data><Data name="pro_no"><value>4/160</value></Data><Data name="plot_type"><value>C TYPE PLOT</value></Data><Data name="sanctioned_area_sqm"><value>200</value></Data><Data name="area_sqm"><value>229.78</value></Data><Data name="sector"><value>SECTOR 4</value></Data><Data name="tenure"><value>REGISTERED</value></Data></ExtendedData><Polygon><outerBoundaryIs><LinearRing><coordinates>80.9447166,26.9336515 80.9446957,26.9334737 80.9445798,26.9334848 80.9446002,26.9336627 80.9447166,26.9336515</coordinates></LinearRing></outerBoundaryIs></Polygon></Placemark><Placemark><name>4/158</name><ExtendedData><Data name="plot_no"><value>4/158</value></Data><Data name="count"><value>COUNT</value></Data><Data name="land_use"><value>RESIDENTIAL PLOT</value></Data><Data name="registration_no"><value>2070803</value></Data><Data name="pro_status"><value>R</value></Data><Data name="pro_no"><value>4/158</value></Data><Data name="plot_type"><value>C TYPE PLOT</value></Data><Data name="sanctioned_area_sqm"><value>200</value></Data><Data name="area_sqm"><value>198.17</value></Data><Data name="sector"><value>SECTOR 4</value></Data><Data name="tenure"><value>REGISTERED</value></Data></ExtendedData><Polygon><outerBoundaryIs><LinearRing><coordinates>80.9445000,26.9336723 80.9444796,26.9334944 80.9443795,26.9335040 80.9443998,26.9336820 80.9445000,26.9336723</coordinates></LinearRing></outerBoundaryIs></Polygon></Placemark><Placemark><name>4/59</name><ExtendedData><Data name="plot_no"><value>4/59</value></Data><Data name="count"><value>COUNT</value></Data><Data name="land_use"><value>RESIDENTIAL PLOT</value></Data><Data name="registration_no"><value>2217829</value></Data><Data name="pro_status"><value>R</value></Data><Data name="pro_no"><value>4/59</value></Data><Data name="plot_type"><value>C TYPE PLOT</value></Data><Data name="sanctioned_area_sqm"><value>200</value></Data><Data name="area_sqm"><value>207.47</value></Data><Data name="sector"><value>SECTOR 4</value></Data><Data name="tenure"><value>REGISTERED</value></Data></ExtendedData><Polygon><outerBoundaryIs><LinearRing><coordinates>80.9425617,26.9337254 80.9425574,26.9336827 80.9425525,26.9336329 80.9423497,26.9336552 80.9423582,26.9337466 80.9425617,26.9337254</coordinates></LinearRing></outerBoundaryIs></Polygon></Placemark><Placemark><name>4/58</name><ExtendedData><Data name="plot_no"><value>4/58</value></Data><Data name="count"><value>COUNT</value></Data><Data name="land_use"><value>RESIDENTIAL PLOT</value></Data><Data name="registration_no"><value>2079154</value></Data><Data name="pro_status"><value>R</value></Data><Data name="pro_no"><value>4/58</value></Data><Data name="plot_type"><value>C TYPE PLOT</value></Data><Data name="sanctioned_area_sqm"><value>200</value></Data><Data name="area_sqm"><value>204.4</value></Data><Data name="sector"><value>SECTOR 4</value></Data><Data name="tenure"><value>REGISTERED</value></Data></ExtendedData><Polygon><outerBoundaryIs><LinearRing><coordinates>80.9425525,26.9336329 80.9425493,26.9336018 80.9425434,26.9335428 80.9423412,26.9335636 80.9423497,26.9336552 80.9425525,26.9336329</coordinates></LinearRing></outerBoundaryIs></Polygon></Placemark><Placemark><name>4/155</name><ExtendedData><Data name="plot_no"><value>4/155</value></Data><Data name="count"><value>COUNT</value></Data><Data name="land_use"><value>RESIDENTIAL PLOT</value></Data><Data name="registration_no"><value>37431</value></Data><Data name="pro_status"><value>R</value></Data><Data name="pro_no"><value>4/155</value></Data><Data name="plot_type"><value>C TYPE PLOT</value></Data><Data name="sanctioned_area_sqm"><value>200</value></Data><Data name="area_sqm"><value>197.31</value></Data><Data name="sector"><value>SECTOR 4</value></Data><Data name="tenure"><value>REGISTERED</value></Data></ExtendedData><Polygon><outerBoundaryIs><LinearRing><coordinates>80.9442022,26.9337010 80.9441793,26.9335231 80.9440975,26.9335309 80.9440838,26.9335322 80.9440984,26.9337109 80.9442022,26.9337010</coordinates></LinearRing></outerBoundaryIs></Polygon></Placemark><Placemark><name>4/153</name><ExtendedData><Data name="plot_no"><value>4/153</value></Data><Data name="count"><value>COUNT</value></Data><Data name="land_use"><value>RESIDENTIAL PLOT</value></Data><Data name="registration_no"><value>2070209</value></Data><Data name="pro_status"><value>R</value></Data><Data name="pro_no"><value>4/153</value></Data><Data name="plot_type"><value>C TYPE PLOT</value></Data><Data name="sanctioned_area_sqm"><value>200</value></Data><Data name="area_sqm"><value>196.46</value></Data><Data name="sector"><value>SECTOR 4</value></Data><Data name="tenure"><value>REGISTERED</value></Data></ExtendedData><Polygon><outerBoundaryIs><LinearRing><coordinates>80.9439997,26.9337204 80.9439860,26.9335416 80.9439172,26.9335482 80.9438857,26.9335512 80.9439017,26.9337299 80.9439997,26.9337204</coordinates></LinearRing></outerBoundaryIs></Polygon></Placemark><Placemark><name>4/152</name><ExtendedData><Data name="plot_no"><value>4/152</value></Data><Data name="count"><value>COUNT</value></Data><Data name="land_use"><value>RESIDENTIAL PLOT</value></Data><Data name="registration_no"><value>2070638</value></Data><Data name="pro_status"><value>R</value></Data><Data name="pro_no"><value>4/152</value></Data><Data name="plot_type"><value>C TYPE PLOT</value></Data><Data name="sanctioned_area_sqm"><value>200</value></Data><Data name="area_sqm"><value>198.56</value></Data><Data name="sector"><value>SECTOR 4</value></Data><Data name="tenure"><value>REGISTERED</value></Data></ExtendedData><Polygon><outerBoundaryIs><LinearRing><coordinates>80.9439017,26.9337299 80.9438857,26.9335512 80.9438270,26.9335568 80.9437855,26.9335608 80.9438015,26.9337395 80.9439017,26.9337299</coordinates></LinearRing></outerBoundaryIs></Polygon></Placemark><Placemark><name>4/151</name><ExtendedData><Data name="plot_no"><value>4/151</value></Data><Data name="count"><value>COUNT</value></Data><Data name="land_use"><value>RESIDENTIAL PLOT</value></Data><Data name="registration_no"><value>2070889</value></Data><Data name="pro_status"><value>R</value></Data><Data name="pro_no"><value>4/151</value></Data><Data name="plot_type"><value>C TYPE PLOT</value></Data><Data name="sanctioned_area_sqm"><value>200</value></Data><Data name="area_sqm"><value>198.61</value></Data><Data name="sector"><value>SECTOR 4</value></Data><Data name="tenure"><value>REGISTERED</value></Data></ExtendedData><Polygon><outerBoundaryIs><LinearRing><coordinates>80.9438015,26.9337395 80.9437855,26.9335608 80.9437369,26.9335654 80.9436853,26.9335703 80.9437013,26.9337491 80.9438015,26.9337395</coordinates></LinearRing></outerBoundaryIs></Polygon></Placemark><Placemark><name>4/150</name><ExtendedData><Data name="plot_no"><value>4/150</value></Data><Data name="count"><value>COUNT</value></Data><Data name="land_use"><value>RESIDENTIAL PLOT</value></Data><Data name="registration_no"><value>2070241</value></Data><Data name="pro_status"><value>R</value></Data><Data name="pro_no"><value>4/150</value></Data><Data name="plot_type"><value>C TYPE PLOT</value></Data><Data name="sanctioned_area_sqm"><value>200</value></Data><Data name="area_sqm"><value>198.66</value></Data><Data name="sector"><value>SECTOR 4</value></Data><Data name="tenure"><value>REGISTERED</value></Data></ExtendedData><Polygon><outerBoundaryIs><LinearRing><coordinates>80.9437013,26.9337491 80.9436853,26.9335703 80.9436467,26.9335740 80.9435851,26.9335799 80.9436011,26.9337587 80.9437013,26.9337491</coordinates></LinearRing></outerBoundaryIs></Polygon></Placemark><Placemark><name>4/149</name><ExtendedData><Data name="plot_no"><value>4/149</value></Data><Data name="count"><value>COUNT</value></Data><Data name="land_use"><value>RESIDENTIAL PLOT</value></Data><Data name="registration_no"><value>2071464</value></Data><Data name="pro_status"><value>R</value></Data><Data name="pro_no"><value>4/149</value></Data><Data name="plot_type"><value>C TYPE PLOT</value></Data><Data name="sanctioned_area_sqm"><value>200</value></Data><Data name="area_sqm"><value>198.72</value></Data><Data name="sector"><value>SECTOR 4</value></Data><Data name="tenure"><value>REGISTERED</value></Data></ExtendedData><Polygon><outerBoundaryIs><LinearRing><coordinates>80.9436011,26.9337587 80.9435851,26.9335799 80.9435568,26.9335826 80.9434849,26.9335895 80.9435009,26.9337684 80.9436011,26.9337587</coordinates></LinearRing></outerBoundaryIs></Polygon></Placemark><Placemark><name>4/148</name><ExtendedData><Data name="plot_no"><value>4/148</value></Data><Data name="count"><value>COUNT</value></Data><Data name="land_use"><value>RESIDENTIAL PLOT</value></Data><Data name="registration_no"><value>2238199</value></Data><Data name="pro_status"><value>A</value></Data><Data name="pro_no"><value>4/148</value></Data><Data name="plot_type"><value>C TYPE PLOT</value></Data><Data name="sanctioned_area_sqm"><value>200</value></Data><Data name="area_sqm"><value>198.77</value></Data><Data name="sector"><value>SECTOR 4</value></Data><Data name="tenure"><value>ALLOTTED</value></Data></ExtendedData><Polygon><outerBoundaryIs><LinearRing><coordinates>80.9435009,26.9337684 80.9434849,26.9335895 80.9434667,26.9335913 80.9433847,26.9335991 80.9434007,26.9337780 80.9435009,26.9337684</coordinates></LinearRing></outerBoundaryIs></Polygon></Placemark><Placemark><name>4/146</name><ExtendedData><Data name="plot_no"><value>4/146</value></Data><Data name="count"><value>COUNT</value></Data><Data name="land_use"><value>RESIDENTIAL PLOT</value></Data><Data name="registration_no"><value>2128836</value></Data><Data name="pro_status"><value>R</value></Data><Data name="pro_no"><value>4/146</value></Data><Data name="plot_type"><value>C TYPE PLOT</value></Data><Data name="sanctioned_area_sqm"><value>200</value></Data><Data name="area_sqm"><value>196.95</value></Data><Data name="sector"><value>SECTOR 4</value></Data><Data name="tenure"><value>REGISTERED</value></Data></ExtendedData><Polygon><outerBoundaryIs><LinearRing><coordinates>80.9433005,26.9337876 80.9432845,26.9336087 80.9431974,26.9336170 80.9431845,26.9336182 80.9432021,26.9337971 80.9433005,26.9337876</coordinates></LinearRing></outerBoundaryIs></Polygon></Placemark><Placemark><name>4/145</name><ExtendedData><Data name="plot_no"><value>4/145</value></Data><Data name="count"><value>COUNT</value></Data><Data name="land_use"><value>RESIDENTIAL PLOT</value></Data><Data name="registration_no"><value>2211027</value></Data><Data name="pro_status"><value>R</value></Data><Data name="pro_no"><value>4/145</value></Data><Data name="plot_type"><value>C TYPE PLOT</value></Data><Data name="sanctioned_area_sqm"><value>200</value></Data><Data name="area_sqm"><value>198.89</value></Data><Data name="sector"><value>SECTOR 4</value></Data><Data name="tenure"><value>REGISTERED</value></Data></ExtendedData><Polygon><outerBoundaryIs><LinearRing><coordinates>80.9432021,26.9337971 80.9431845,26.9336182 80.9431071,26.9336256 80.9430843,26.9336278 80.9431019,26.9338067 80.9432021,26.9337971</coordinates></LinearRing></outerBoundaryIs></Polygon></Placemark><Placemark><name>4/144</name><ExtendedData><Data name="plot_no"><value>4/144</value></Data><Data name="count"><value>COUNT</value></Data><Data name="land_use"><value>RESIDENTIAL PLOT</value></Data><Data name="registration_no"><value>2070367</value></Data><Data name="pro_status"><value>R</value></Data><Data name="pro_no"><value>4/144</value></Data><Data name="plot_type"><value>C TYPE PLOT</value></Data><Data name="sanctioned_area_sqm"><value>200</value></Data><Data name="area_sqm"><value>198.95</value></Data><Data name="sector"><value>SECTOR 4</value></Data><Data name="tenure"><value>REGISTERED</value></Data></ExtendedData><Polygon><outerBoundaryIs><LinearRing><coordinates>80.9431019,26.9338067 80.9430843,26.9336278 80.9430171,26.9336342 80.9429842,26.9336374 80.9430017,26.9338164 80.9431019,26.9338067</coordinates></LinearRing></outerBoundaryIs></Polygon></Placemark><Placemark><name>4/60</name><ExtendedData><Data name="plot_no"><value>4/60</value></Data><Data name="count"><value>COUNT</value></Data><Data name="land_use"><value>RESIDENTIAL PLOT</value></Data><Data name="registration_no"><value>2239906</value></Data><Data name="pro_status"><value>R</value></Data><Data name="pro_no"><value>4/60</value></Data><Data name="plot_type"><value>C TYPE PLOT</value></Data><Data name="sanctioned_area_sqm"><value>200</value></Data><Data name="area_sqm"><value>297.14</value></Data><Data name="sector"><value>SECTOR 4</value></Data><Data name="tenure"><value>REGISTERED</value></Data></ExtendedData><Polygon><outerBoundaryIs><LinearRing><coordinates>80.9425750,26.9338574 80.9425656,26.9337637 80.9425617,26.9337254 80.9423582,26.9337466 80.9423704,26.9338770 80.9425750,26.9338574</coordinates></LinearRing></outerBoundaryIs></Polygon></Placemark><Placemark><name>4/215</name><ExtendedData><Data name="plot_no"><value>4/215</value></Data><Data name="count"><value>COUNT</value></Data><Data name="land_use"><value>RESIDENTIAL PLOT</value></Data><Data name="registration_no"><value>2359225</value></Data><Data name="pro_status"><value>R</value></Data><Data name="pro_no"><value>4/215</value></Data><Data name="plot_type"><value>MIG/ B TYPE HOUSE</value></Data><Data name="sanctioned_area_sqm"><value>162</value></Data><Data name="area_sqm"><value>162.0</value></Data><Data name="sector"><value>SECTOR 4</value></Data><Data name="tenure"><value>REGISTERED</value></Data></ExtendedData><Polygon><outerBoundaryIs><LinearRing><coordinates>80.9438857,26.9335512 80.9439172,26.9335482 80.9438977,26.9333866 80.9438076,26.9333952 80.9438270,26.9335568 80.9438857,26.9335512</coordinates></LinearRing></outerBoundaryIs></Polygon></Placemark><Placemark><name>4/216</name><ExtendedData><Data name="plot_no"><value>4/216</value></Data><Data name="count"><value>COUNT</value></Data><Data name="land_use"><value>RESIDENTIAL PLOT</value></Data><Data name="registration_no"><value>2057901</value></Data><Data name="pro_status"><value>R</value></Data><Data name="pro_no"><value>4/216</value></Data><Data name="plot_type"><value>MIG/ B TYPE HOUSE</value></Data><Data name="sanctioned_area_sqm"><value>162</value></Data><Data name="area_sqm"><value>162.0</value></Data><Data name="sector"><value>SECTOR 4</value></Data><Data name="tenure"><value>REGISTERED</value></Data></ExtendedData><Polygon><outerBoundaryIs><LinearRing><coordinates>80.9437855,26.9335608 80.9438270,26.9335568 80.9438076,26.9333952 80.9437174,26.9334038 80.9437369,26.9335654 80.9437855,26.9335608</coordinates></LinearRing></outerBoundaryIs></Polygon></Placemark><Placemark><name>4/143</name><ExtendedData><Data name="plot_no"><value>4/143</value></Data><Data name="count"><value>COUNT</value></Data><Data name="land_use"><value>RESIDENTIAL PLOT</value></Data><Data name="registration_no"><value>2123230</value></Data><Data name="pro_status"><value>R</value></Data><Data name="pro_no"><value>4/143</value></Data><Data name="plot_type"><value>C TYPE PLOT</value></Data><Data name="sanctioned_area_sqm"><value>200</value></Data><Data name="area_sqm"><value>313.99</value></Data><Data name="sector"><value>SECTOR 4</value></Data><Data name="tenure"><value>REGISTERED</value></Data></ExtendedData><Polygon><outerBoundaryIs><LinearRing><coordinates>80.9428248,26.9336526 80.9428450,26.9338314 80.9430017,26.9338164 80.9429842,26.9336374 80.9429289,26.9336427 80.9428248,26.9336526</coordinates></LinearRing></outerBoundaryIs></Polygon></Placemark><Placemark><name>4/226</name><ExtendedData><Data name="plot_no"><value>4/226</value></Data><Data name="count"><value>COUNT</value></Data><Data name="land_use"><value>RESIDENTIAL PLOT</value></Data><Data name="registration_no"><value>2359233</value></Data><Data name="pro_status"><value>R</value></Data><Data name="pro_no"><value>4/226</value></Data><Data name="plot_type"><value>MIG/ B TYPE HOUSE</value></Data><Data name="sanctioned_area_sqm"><value>162</value></Data><Data name="area_sqm"><value>183.19</value></Data><Data name="sector"><value>SECTOR 4</value></Data><Data name="tenure"><value>REGISTERED</value></Data></ExtendedData><Polygon><outerBoundaryIs><LinearRing><coordinates>80.9429289,26.9336427 80.9429112,26.9334809 80.9428113,26.9334905 80.9428119,26.9334961 80.9428248,26.9336526 80.9429289,26.9336427</coordinates></LinearRing></outerBoundaryIs></Polygon></Placemark><Placemark><name>4/223</name><ExtendedData><Data name="plot_no"><value>4/223</value></Data><Data name="count"><value>COUNT</value></Data><Data name="land_use"><value>RESIDENTIAL PLOT</value></Data><Data name="registration_no"><value>2338791</value></Data><Data name="pro_status"><value>R</value></Data><Data name="pro_no"><value>4/223</value></Data><Data name="plot_type"><value>MIG/ B TYPE HOUSE</value></Data><Data name="sanctioned_area_sqm"><value>162</value></Data><Data name="area_sqm"><value>162.99</value></Data><Data name="sector"><value>SECTOR 4</value></Data><Data name="tenure"><value>REGISTERED</value></Data></ExtendedData><Polygon><outerBoundaryIs><LinearRing><coordinates>80.9431845,26.9336182 80.9431974,26.9336170 80.9431798,26.9334553 80.9430886,26.9334640 80.9431071,26.9336256 80.9431845,26.9336182</coordinates></LinearRing></outerBoundaryIs></Polygon></Placemark><Placemark><name>4/217</name><ExtendedData><Data name="plot_no"><value>4/217</value></Data><Data name="count"><value>COUNT</value></Data><Data name="land_use"><value>RESIDENTIAL PLOT</value></Data><Data name="registration_no"><value>2516255</value></Data><Data name="pro_status"><value>R</value></Data><Data name="pro_no"><value>4/217</value></Data><Data name="plot_type"><value>MIG/ B TYPE HOUSE</value></Data><Data name="sanctioned_area_sqm"><value>162</value></Data><Data name="area_sqm"><value>162.0</value></Data><Data name="sector"><value>SECTOR 4</value></Data><Data name="tenure"><value>REGISTERED</value></Data></ExtendedData><Polygon><outerBoundaryIs><LinearRing><coordinates>80.9436853,26.9335703 80.9437369,26.9335654 80.9437174,26.9334038 80.9436273,26.9334125 80.9436467,26.9335740 80.9436853,26.9335703</coordinates></LinearRing></outerBoundaryIs></Polygon></Placemark><Placemark><name>4/219</name><ExtendedData><Data name="plot_no"><value>4/219</value></Data><Data name="count"><value>COUNT</value></Data><Data name="land_use"><value>RESIDENTIAL PLOT</value></Data><Data name="registration_no"><value>2243866</value></Data><Data name="pro_status"><value>R</value></Data><Data name="pro_no"><value>4/219</value></Data><Data name="plot_type"><value>MIG/ B TYPE HOUSE</value></Data><Data name="sanctioned_area_sqm"><value>162</value></Data><Data name="area_sqm"><value>162.02</value></Data><Data name="sector"><value>SECTOR 4</value></Data><Data name="tenure"><value>REGISTERED</value></Data></ExtendedData><Polygon><outerBoundaryIs><LinearRing><coordinates>80.9434849,26.9335895 80.9435568,26.9335826 80.9435403,26.9334208 80.9434502,26.9334294 80.9434667,26.9335913 80.9434849,26.9335895</coordinates></LinearRing></outerBoundaryIs></Polygon></Placemark><Placemark><name>4/220</name><ExtendedData><Data name="plot_no"><value>4/220</value></Data><Data name="count"><value>COUNT</value></Data><Data name="land_use"><value>RESIDENTIAL PLOT</value></Data><Data name="registration_no"><value>2359308</value></Data><Data name="pro_status"><value>R</value></Data><Data name="pro_no"><value>4/220</value></Data><Data name="plot_type"><value>MIG/ B TYPE HOUSE</value></Data><Data name="sanctioned_area_sqm"><value>162</value></Data><Data name="area_sqm"><value>160.66</value></Data><Data name="sector"><value>SECTOR 4</value></Data><Data name="tenure"><value>REGISTERED</value></Data></ExtendedData><Polygon><outerBoundaryIs><LinearRing><coordinates>80.9433847,26.9335991 80.9434667,26.9335913 80.9434502,26.9334294 80.9433603,26.9334380 80.9433777,26.9335998 80.9433847,26.9335991</coordinates></LinearRing></outerBoundaryIs></Polygon></Placemark><Placemark><name>4/222</name><ExtendedData><Data name="plot_no"><value>4/222</value></Data><Data name="count"><value>COUNT</value></Data><Data name="land_use"><value>RESIDENTIAL PLOT</value></Data><Data name="registration_no"><value>2359284</value></Data><Data name="pro_status"><value>R</value></Data><Data name="pro_no"><value>4/222</value></Data><Data name="plot_type"><value>MIG/ B TYPE HOUSE</value></Data><Data name="sanctioned_area_sqm"><value>162</value></Data><Data name="area_sqm"><value>162.0</value></Data><Data name="sector"><value>SECTOR 4</value></Data><Data name="tenure"><value>REGISTERED</value></Data></ExtendedData><Polygon><outerBoundaryIs><LinearRing><coordinates>80.9432845,26.9336087 80.9432875,26.9336084 80.9432699,26.9334466 80.9431798,26.9334553 80.9431974,26.9336170 80.9432845,26.9336087</coordinates></LinearRing></outerBoundaryIs></Polygon></Placemark><Placemark><name>4/225</name><ExtendedData><Data name="plot_no"><value>4/225</value></Data><Data name="count"><value>COUNT</value></Data><Data name="land_use"><value>RESIDENTIAL PLOT</value></Data><Data name="registration_no"><value>2359241</value></Data><Data name="pro_status"><value>R</value></Data><Data name="pro_no"><value>4/225</value></Data><Data name="plot_type"><value>MIG/ B TYPE HOUSE</value></Data><Data name="sanctioned_area_sqm"><value>162</value></Data><Data name="area_sqm"><value>158.54</value></Data><Data name="sector"><value>SECTOR 4</value></Data><Data name="tenure"><value>REGISTERED</value></Data></ExtendedData><Polygon><outerBoundaryIs><LinearRing><coordinates>80.9429842,26.9336374 80.9430171,26.9336342 80.9429995,26.9334725 80.9429112,26.9334809 80.9429289,26.9336427 80.9429842,26.9336374</coordinates></LinearRing></outerBoundaryIs></Polygon></Placemark><Placemark><name>4/221</name><ExtendedData><Data name="plot_no"><value>4/221</value></Data><Data name="count"><value>COUNT</value></Data><Data name="land_use"><value>RESIDENTIAL PLOT</value></Data><Data name="registration_no"><value>2359292</value></Data><Data name="pro_status"><value>R</value></Data><Data name="pro_no"><value>4/221</value></Data><Data name="plot_type"><value>MIG/ B TYPE HOUSE</value></Data><Data name="sanctioned_area_sqm"><value>162</value></Data><Data name="area_sqm"><value>162.28</value></Data><Data name="sector"><value>SECTOR 4</value></Data><Data name="tenure"><value>REGISTERED</value></Data></ExtendedData><Polygon><outerBoundaryIs><LinearRing><coordinates>80.9433777,26.9335998 80.9433603,26.9334380 80.9432699,26.9334466 80.9432875,26.9336084 80.9433777,26.9335998</coordinates></LinearRing></outerBoundaryIs></Polygon></Placemark><Placemark><name>4/224</name><ExtendedData><Data name="plot_no"><value>4/224</value></Data><Data name="count"><value>COUNT</value></Data><Data name="land_use"><value>RESIDENTIAL PLOT</value></Data><Data name="registration_no"><value>2359268</value></Data><Data name="pro_status"><value>R</value></Data><Data name="pro_no"><value>4/224</value></Data><Data name="plot_type"><value>MIG/ B TYPE HOUSE</value></Data><Data name="sanctioned_area_sqm"><value>162</value></Data><Data name="area_sqm"><value>161.01</value></Data><Data name="sector"><value>SECTOR 4</value></Data><Data name="tenure"><value>REGISTERED</value></Data></ExtendedData><Polygon><outerBoundaryIs><LinearRing><coordinates>80.9430843,26.9336278 80.9431071,26.9336256 80.9430886,26.9334640 80.9430478,26.9334679 80.9429995,26.9334725 80.9430171,26.9336342 80.9430843,26.9336278</coordinates></LinearRing></outerBoundaryIs></Polygon></Placemark><Placemark><name>4/218</name><ExtendedData><Data name="plot_no"><value>4/218</value></Data><Data name="count"><value>COUNT</value></Data><Data name="land_use"><value>RESIDENTIAL PLOT</value></Data><Data name="registration_no"><value>2359256</value></Data><Data name="pro_status"><value>R</value></Data><Data name="pro_no"><value>4/218</value></Data><Data name="plot_type"><value>MIG/ B TYPE HOUSE</value></Data><Data name="sanctioned_area_sqm"><value>162</value></Data><Data name="area_sqm"><value>158.88</value></Data><Data name="sector"><value>SECTOR 4</value></Data><Data name="tenure"><value>REGISTERED</value></Data></ExtendedData><Polygon><outerBoundaryIs><LinearRing><coordinates>80.9435851,26.9335799 80.9436467,26.9335740 80.9436273,26.9334125 80.9435769,26.9334173 80.9435403,26.9334208 80.9435568,26.9335826 80.9435851,26.9335799</coordinates></LinearRing></outerBoundaryIs></Polygon></Placemark><Placemark><name>4/66</name><ExtendedData><Data name="plot_no"><value>4/66</value></Data><Data name="count"><value>COUNT</value></Data><Data name="land_use"><value>RESIDENTIAL PLOT</value></Data><Data name="registration_no"><value>2057232</value></Data><Data name="pro_status"><value>R</value></Data><Data name="pro_no"><value>4/66</value></Data><Data name="plot_type"><value>C TYPE PLOT</value></Data><Data name="sanctioned_area_sqm"><value>162</value></Data><Data name="area_sqm"><value>166.48</value></Data><Data name="sector"><value>SECTOR 4</value></Data><Data name="tenure"><value>REGISTERED</value></Data></ExtendedData><Polygon><outerBoundaryIs><LinearRing><coordinates>80.9427147,26.9334242 80.9427065,26.9333416 80.9425248,26.9333569 80.9425253,26.9333627 80.9425331,26.9334396 80.9427147,26.9334242</coordinates></LinearRing></outerBoundaryIs></Polygon></Placemark><Placemark><name>4/64</name><ExtendedData><Data name="plot_no"><value>4/64</value></Data><Data name="count"><value>COUNT</value></Data><Data name="land_use"><value>RESIDENTIAL PLOT</value></Data><Data name="registration_no"><value>2143065</value></Data><Data name="pro_status"><value>R</value></Data><Data name="pro_no"><value>4/64</value></Data><Data name="plot_type"><value>MIG/ B TYPE HOUSE</value></Data><Data name="sanctioned_area_sqm"><value>162</value></Data><Data name="area_sqm"><value>163.49</value></Data><Data name="sector"><value>SECTOR 4</value></Data><Data name="tenure"><value>REGISTERED</value></Data></ExtendedData><Polygon><outerBoundaryIs><LinearRing><coordinates>80.9427306,26.9335865 80.9427226,26.9335052 80.9425412,26.9335205 80.9425434,26.9335428 80.9425493,26.9336018 80.9427306,26.9335865</coordinates></LinearRing></outerBoundaryIs></Polygon></Placemark><Placemark><name>4/65</name><ExtendedData><Data name="plot_no"><value>4/65</value></Data><Data name="count"><value>COUNT</value></Data><Data name="land_use"><value>RESIDENTIAL PLOT</value></Data><Data name="registration_no"><value>2007740</value></Data><Data name="pro_status"><value>R</value></Data><Data name="pro_no"><value>4/65</value></Data><Data name="plot_type"><value>MIG/ B TYPE HOUSE</value></Data><Data name="sanctioned_area_sqm"><value>162</value></Data><Data name="area_sqm"><value>162.89</value></Data><Data name="sector"><value>SECTOR 4</value></Data><Data name="tenure"><value>REGISTERED</value></Data></ExtendedData><Polygon><outerBoundaryIs><LinearRing><coordinates>80.9427226,26.9335052 80.9427147,26.9334242 80.9425331,26.9334396 80.9425346,26.9334548 80.9425412,26.9335205 80.9427226,26.9335052</coordinates></LinearRing></outerBoundaryIs></Polygon></Placemark><Placemark><name>4/62</name><ExtendedData><Data name="plot_no"><value>4/62</value></Data><Data name="count"><value>COUNT</value></Data><Data name="land_use"><value>RESIDENTIAL PLOT</value></Data><Data name="registration_no"><value>2038168</value></Data><Data name="pro_status"><value>A</value></Data><Data name="pro_no"><value>4/62</value></Data><Data name="plot_type"><value>MIG/ B TYPE HOUSE</value></Data><Data name="sanctioned_area_sqm"><value>162</value></Data><Data name="area_sqm"><value>162.41</value></Data><Data name="sector"><value>SECTOR 4</value></Data><Data name="tenure"><value>ALLOTTED</value></Data></ExtendedData><Polygon><outerBoundaryIs><LinearRing><coordinates>80.9427465,26.9337484 80.9427385,26.9336674 80.9425574,26.9336827 80.9425617,26.9337254 80.9425656,26.9337637 80.9427465,26.9337484</coordinates></LinearRing></outerBoundaryIs></Polygon></Placemark><Placemark><name>4/61</name><ExtendedData><Data name="plot_no"><value>4/61</value></Data><Data name="count"><value>COUNT</value></Data><Data name="land_use"><value>RESIDENTIAL PLOT</value></Data><Data name="registration_no"><value>2153677</value></Data><Data name="pro_status"><value>R</value></Data><Data name="pro_no"><value>4/61</value></Data><Data name="plot_type"><value>MIG/ B TYPE HOUSE</value></Data><Data name="sanctioned_area_sqm"><value>162</value></Data><Data name="area_sqm"><value>185.76</value></Data><Data name="sector"><value>SECTOR 4</value></Data><Data name="tenure"><value>REGISTERED</value></Data></ExtendedData><Polygon><outerBoundaryIs><LinearRing><coordinates>80.9427554,26.9338400 80.9427465,26.9337484 80.9425656,26.9337637 80.9425750,26.9338574 80.9427554,26.9338400</coordinates></LinearRing></outerBoundaryIs></Polygon></Placemark><Placemark><name>4/67</name><ExtendedData><Data name="plot_no"><value>4/67</value></Data><Data name="count"><value>COUNT</value></Data><Data name="land_use"><value>RESIDENTIAL PLOT</value></Data><Data name="registration_no"><value>2059338</value></Data><Data name="pro_status"><value>R</value></Data><Data name="pro_no"><value>4/67</value></Data><Data name="plot_type"><value>C TYPE PLOT</value></Data><Data name="sanctioned_area_sqm"><value>162</value></Data><Data name="area_sqm"><value>161.79</value></Data><Data name="sector"><value>SECTOR 4</value></Data><Data name="tenure"><value>REGISTERED</value></Data></ExtendedData><Polygon><outerBoundaryIs><LinearRing><coordinates>80.9427065,26.9333416 80.9426987,26.9332613 80.9425167,26.9332767 80.9425248,26.9333569 80.9427065,26.9333416</coordinates></LinearRing></outerBoundaryIs></Polygon></Placemark><Placemark><name>4/68</name><ExtendedData><Data name="plot_no"><value>4/68</value></Data><Data name="count"><value>COUNT</value></Data><Data name="land_use"><value>RESIDENTIAL PLOT</value></Data><Data name="registration_no"><value>2070118</value></Data><Data name="pro_status"><value>A</value></Data><Data name="pro_no"><value>4/68</value></Data><Data name="plot_type"><value>C TYPE PLOT</value></Data><Data name="sanctioned_area_sqm"><value>162</value></Data><Data name="area_sqm"><value>161.57</value></Data><Data name="sector"><value>SECTOR 4</value></Data><Data name="tenure"><value>ALLOTTED</value></Data></ExtendedData><Polygon><outerBoundaryIs><LinearRing><coordinates>80.9426987,26.9332613 80.9426908,26.9331812 80.9425093,26.9331965 80.9425129,26.9332392 80.9425163,26.9332728 80.9425167,26.9332767 80.9426987,26.9332613</coordinates></LinearRing></outerBoundaryIs></Polygon></Placemark><Placemark><name>4/63</name><ExtendedData><Data name="plot_no"><value>4/63</value></Data><Data name="count"><value>COUNT</value></Data><Data name="land_use"><value>RESIDENTIAL PLOT</value></Data><Data name="registration_no"><value>2057026</value></Data><Data name="pro_status"><value>R</value></Data><Data name="pro_no"><value>4/63</value></Data><Data name="plot_type"><value>MIG/ B TYPE HOUSE</value></Data><Data name="sanctioned_area_sqm"><value>115.50</value></Data><Data name="area_sqm"><value>162.57</value></Data><Data name="sector"><value>SECTOR 4</value></Data><Data name="tenure"><value>REGISTERED</value></Data></ExtendedData><Polygon><outerBoundaryIs><LinearRing><coordinates>80.9427385,26.9336674 80.9427306,26.9335865 80.9425493,26.9336018 80.9425525,26.9336329 80.9425574,26.9336827 80.9427385,26.9336674</coordinates></LinearRing></outerBoundaryIs></Polygon></Placemark><Placemark><name>4/364</name><ExtendedData><Data name="plot_no"><value>4/364</value></Data><Data name="count"><value>COUNT</value></Data><Data name="land_use"><value>RESIDENTIAL PLOT</value></Data><Data name="registration_no"><value>2143057</value></Data><Data name="pro_status"><value>R</value></Data><Data name="pro_no"><value>4/364</value></Data><Data name="plot_type"><value>C TYPE PLOT</value></Data><Data name="sanctioned_area_sqm"><value>200</value></Data><Data name="area_sqm"><value>202.81</value></Data><Data name="sector"><value>SECTOR 4</value></Data><Data name="tenure"><value>REGISTERED</value></Data></ExtendedData><Polygon><outerBoundaryIs><LinearRing><coordinates>80.9458539,26.9335463 80.9458337,26.9333645 80.9457335,26.9333735 80.9457538,26.9335561 80.9458539,26.9335463</coordinates></LinearRing></outerBoundaryIs></Polygon></Placemark><Placemark><name>4/362</name><ExtendedData><Data name="plot_no"><value>4/362</value></Data><Data name="count"><value>COUNT</value></Data><Data name="land_use"><value>RESIDENTIAL PLOT</value></Data><Data name="registration_no"><value>2133048</value></Data><Data name="pro_status"><value>R</value></Data><Data name="pro_no"><value>4/362</value></Data><Data name="plot_type"><value>C TYPE PLOT</value></Data><Data name="sanctioned_area_sqm"><value>200</value></Data><Data name="area_sqm"><value>204.59</value></Data><Data name="sector"><value>SECTOR 4</value></Data><Data name="tenure"><value>REGISTERED</value></Data></ExtendedData><Polygon><outerBoundaryIs><LinearRing><coordinates>80.9456538,26.9335658 80.9456352,26.9333822 80.9455491,26.9333899 80.9455349,26.9333912 80.9455536,26.9335756 80.9456538,26.9335658</coordinates></LinearRing></outerBoundaryIs></Polygon></Placemark><Placemark><name>4/354</name><ExtendedData><Data name="plot_no"><value>4/354</value></Data><Data name="count"><value>COUNT</value></Data><Data name="land_use"><value>RESIDENTIAL PLOT</value></Data><Data name="registration_no"><value>2243882</value></Data><Data name="pro_status"><value>R</value></Data><Data name="pro_no"><value>4/354</value></Data><Data name="plot_type"><value>C TYPE PLOT</value></Data><Data name="sanctioned_area_sqm"><value>162</value></Data><Data name="area_sqm"><value>166.67</value></Data><Data name="sector"><value>SECTOR 4</value></Data><Data name="tenure"><value>REGISTERED</value></Data></ExtendedData><Polygon><outerBoundaryIs><LinearRing><coordinates>80.9459477,26.9332019 80.9459783,26.9331554 80.9458385,26.9330540 80.9457880,26.9331265 80.9459340,26.9332288 80.9459477,26.9332019</coordinates></LinearRing></outerBoundaryIs></Polygon></Placemark><Placemark><name>4/350</name><ExtendedData><Data name="plot_no"><value>4/350</value></Data><Data name="count"><value>COUNT</value></Data><Data name="land_use"><value>RESIDENTIAL PLOT</value></Data><Data name="registration_no"><value>2135434</value></Data><Data name="pro_status"><value>A</value></Data><Data name="pro_no"><value>4/350</value></Data><Data name="plot_type"><value>C TYPE PLOT</value></Data><Data name="sanctioned_area_sqm"><value>162</value></Data><Data name="area_sqm"><value>165.95</value></Data><Data name="sector"><value>SECTOR 4</value></Data><Data name="tenure"><value>ALLOTTED</value></Data></ExtendedData><Polygon><outerBoundaryIs><LinearRing><coordinates>80.9460053,26.9327209 80.9460016,26.9327136 80.9459694,26.9326545 80.9459643,26.9326451 80.9458074,26.9327232 80.9458483,26.9327990 80.9460053,26.9327209</coordinates></LinearRing></outerBoundaryIs></Polygon></Placemark><Placemark><name>4/374-B</name><ExtendedData><Data name="plot_no"><value>4/374-B</value></Data><Data name="count"><value>COUNT</value></Data><Data name="land_use"><value>RESIDENTIAL PLOT</value></Data><Data name="registration_no"><value>2141987</value></Data><Data name="pro_status"><value>A</value></Data><Data name="pro_no"><value>4/374-B</value></Data><Data name="plot_type"><value>C TYPE PLOT</value></Data><Data name="sanctioned_area_sqm"><value>200</value></Data><Data name="area_sqm"><value>207.28</value></Data><Data name="sector"><value>SECTOR 4</value></Data><Data name="tenure"><value>ALLOTTED</value></Data></ExtendedData><Polygon><outerBoundaryIs><LinearRing><coordinates>80.9461522,26.9325800 80.9461108,26.9324949 80.9459240,26.9325709 80.9459643,26.9326451 80.9459694,26.9326545 80.9461522,26.9325800</coordinates></LinearRing></outerBoundaryIs></Polygon></Placemark><Placemark><name>4/289</name><ExtendedData><Data name="plot_no"><value>4/289</value></Data><Data name="count"><value>COUNT</value></Data><Data name="land_use"><value>RESIDENTIAL PLOT</value></Data><Data name="registration_no"><value>2217853</value></Data><Data name="pro_status"><value>R</value></Data><Data name="pro_no"><value>4/289</value></Data><Data name="plot_type"><value>C TYPE PLOT</value></Data><Data name="sanctioned_area_sqm"><value>162</value></Data><Data name="area_sqm"><value>163.99</value></Data><Data name="sector"><value>SECTOR 4</value></Data><Data name="tenure"><value>REGISTERED</value></Data></ExtendedData><Polygon><outerBoundaryIs><LinearRing><coordinates>80.9444366,26.9316591 80.9444182,26.9314955 80.9443935,26.9314984 80.9443283,26.9315062 80.9443467,26.9316699 80.9444366,26.9316591</coordinates></LinearRing></outerBoundaryIs></Polygon></Placemark><Placemark><name>4/288</name><ExtendedData><Data name="plot_no"><value>4/288</value></Data><Data name="count"><value>COUNT</value></Data><Data name="land_use"><value>RESIDENTIAL PLOT</value></Data><Data name="registration_no"><value>2217845</value></Data><Data name="pro_status"><value>R</value></Data><Data name="pro_no"><value>4/288</value></Data><Data name="plot_type"><value>C TYPE PLOT</value></Data><Data name="sanctioned_area_sqm"><value>162</value></Data><Data name="area_sqm"><value>158.72</value></Data><Data name="sector"><value>SECTOR 4</value></Data><Data name="tenure"><value>REGISTERED</value></Data></ExtendedData><Polygon><outerBoundaryIs><LinearRing><coordinates>80.9445232,26.9316488 80.9445057,26.9314850 80.9445054,26.9314851 80.9444182,26.9314955 80.9444366,26.9316591 80.9445232,26.9316488</coordinates></LinearRing></outerBoundaryIs></Polygon></Placemark><Placemark><name>4/293</name><ExtendedData><Data name="plot_no"><value>4/293</value></Data><Data name="count"><value>COUNT</value></Data><Data name="land_use"><value>RESIDENTIAL PLOT</value></Data><Data name="registration_no"><value>2283862</value></Data><Data name="pro_status"><value>R</value></Data><Data name="pro_no"><value>4/293</value></Data><Data name="plot_type"><value>C TYPE PLOT</value></Data><Data name="sanctioned_area_sqm"><value>162</value></Data><Data name="area_sqm"><value>188.49</value></Data><Data name="sector"><value>SECTOR 4</value></Data><Data name="tenure"><value>REGISTERED</value></Data></ExtendedData><Polygon><outerBoundaryIs><LinearRing><coordinates>80.9442575,26.9316805 80.9442385,26.9315168 80.9441350,26.9315291 80.9441402,26.9315728 80.9441492,26.9316491 80.9441544,26.9316929 80.9442575,26.9316805</coordinates></LinearRing></outerBoundaryIs></Polygon></Placemark><Placemark><name>4/56</name><ExtendedData><Data name="plot_no"><value>4/56</value></Data><Data name="count"><value>COUNT</value></Data><Data name="land_use"><value>RESIDENTIAL PLOT</value></Data><Data name="registration_no"><value>2122465</value></Data><Data name="pro_status"><value>R</value></Data><Data name="pro_no"><value>4/56</value></Data><Data name="plot_type"><value>C TYPE PLOT</value></Data><Data name="sanctioned_area_sqm"><value>200</value></Data><Data name="area_sqm"><value>205.87</value></Data><Data name="sector"><value>SECTOR 4</value></Data><Data name="tenure"><value>REGISTERED</value></Data></ExtendedData><Polygon><outerBoundaryIs><LinearRing><coordinates>80.9425346,26.9334548 80.9425331,26.9334396 80.9425253,26.9333627 80.9423242,26.9333816 80.9423328,26.9334738 80.9425346,26.9334548</coordinates></LinearRing></outerBoundaryIs></Polygon></Placemark><Placemark><name>4/5</name><ExtendedData><Data name="plot_no"><value>4/5</value></Data><Data name="count"><value>COUNT</value></Data><Data name="land_use"><value>RESIDENTIAL PLOT</value></Data><Data name="registration_no"><value>2325332</value></Data><Data name="pro_status"><value>R</value></Data><Data name="pro_no"><value>4/5</value></Data><Data name="plot_type"><value>B TYPE PLOT</value></Data><Data name="sanctioned_area_sqm"><value>288</value></Data><Data name="area_sqm"><value>292.27</value></Data><Data name="sector"><value>SECTOR 4</value></Data><Data name="tenure"><value>REGISTERED</value></Data></ExtendedData><Polygon><outerBoundaryIs><LinearRing><coordinates>80.9427208,26.9315734 80.9427250,26.9315733 80.9428014,26.9315706 80.9427822,26.9313517 80.9427167,26.9313538 80.9426612,26.9313547 80.9426614,26.9313568 80.9426805,26.9315744 80.9427208,26.9315734</coordinates></LinearRing></outerBoundaryIs></Polygon></Placemark><Placemark><name>4/94</name><ExtendedData><Data name="plot_no"><value>4/94</value></Data><Data name="count"><value>COUNT</value></Data><Data name="land_use"><value>RESIDENTIAL PLOT</value></Data><Data name="area_sqm"><value>158.88</value></Data><Data name="sector"><value>SECTOR 4</value></Data><Data name="tenure"><value>NO RECORD</value></Data></ExtendedData><Polygon><outerBoundaryIs><LinearRing><coordinates>80.9431263,26.9330335 80.9431185,26.9329527 80.9429401,26.9329686 80.9429480,26.9330485 80.9431263,26.9330335</coordinates></LinearRing></outerBoundaryIs></Polygon></Placemark><Placemark><name>NEW VISION SCHOOL</name><ExtendedData><Data name="plot_no"><value>NEW VISION SCHOOL</value></Data><Data name="count"><value>COUNT</value></Data><Data name="land_use"><value>COMMERCIAL PLOT</value></Data><Data name="area_sqm"><value>3479.42</value></Data><Data name="sector"><value>SECTOR 4</value></Data><Data name="tenure"><value>NO RECORD</value></Data></ExtendedData><Polygon><outerBoundaryIs><LinearRing><coordinates>80.9448543,26.9336383 80.9452584,26.9336023 80.9452118,26.9331739 80.9450869,26.9328910 80.9447206,26.9329225 80.9447584,26.9332267 80.9447879,26.9334642 80.9448087,26.9336427 80.9448543,26.9336383</coordinates></LinearRing></outerBoundaryIs></Polygon></Placemark><Placemark><name>COMMERCIAL</name><ExtendedData><Data name="plot_no"><value>COMMERCIAL</value></Data><Data name="count"><value>COUNT</value></Data><Data name="land_use"><value>COMMERCIAL PLOT</value></Data><Data name="area_sqm"><value>780.49</value></Data><Data name="sector"><value>SECTOR 4</value></Data><Data name="tenure"><value>NO RECORD</value></Data></ExtendedData><Polygon><outerBoundaryIs><LinearRing><coordinates>80.9464361,26.9331628 80.9463871,26.9331794 80.9463412,26.9332018 80.9462991,26.9332296 80.9462616,26.9332623 80.9462295,26.9332993 80.9462033,26.9333399 80.9461836,26.9333833 80.9461707,26.9334287 80.9461648,26.9334753 80.9461660,26.9335222 80.9462886,26.9335390 80.9463153,26.9334949 80.9463467,26.9334535 80.9463826,26.9334151 80.9464227,26.9333802 80.9464664,26.9333490 80.9465135,26.9333220 80.9464361,26.9331628</coordinates></LinearRing></outerBoundaryIs></Polygon></Placemark><Placemark><name>4/7</name><ExtendedData><Data name="plot_no"><value>4/7</value></Data><Data name="count"><value>COUNT</value></Data><Data name="land_use"><value>RESIDENTIAL PLOT</value></Data><Data name="registration_no"><value>2141754</value></Data><Data name="pro_status"><value>R</value></Data><Data name="pro_no"><value>4/7</value></Data><Data name="plot_type"><value>B TYPE PLOT</value></Data><Data name="sanctioned_area_sqm"><value>288</value></Data><Data name="area_sqm"><value>291.22</value></Data><Data name="sector"><value>SECTOR 4</value></Data><Data name="tenure"><value>REGISTERED</value></Data></ExtendedData><Polygon><outerBoundaryIs><LinearRing><coordinates>80.9429926,26.9315640 80.9430432,26.9315622 80.9430240,26.9313441 80.9429810,26.9313453 80.9429031,26.9313478 80.9429223,26.9315664 80.9429926,26.9315640</coordinates></LinearRing></outerBoundaryIs></Polygon></Placemark><Placemark><name>4/9</name><ExtendedData><Data name="plot_no"><value>4/9</value></Data><Data name="count"><value>COUNT</value></Data><Data name="land_use"><value>RESIDENTIAL PLOT</value></Data><Data name="registration_no"><value>2133031</value></Data><Data name="pro_status"><value>R</value></Data><Data name="pro_no"><value>4/9</value></Data><Data name="plot_type"><value>B TYPE PLOT</value></Data><Data name="sanctioned_area_sqm"><value>288</value></Data><Data name="area_sqm"><value>288.8</value></Data><Data name="sector"><value>SECTOR 4</value></Data><Data name="tenure"><value>REGISTERED</value></Data></ExtendedData><Polygon><outerBoundaryIs><LinearRing><coordinates>80.9431739,26.9315577 80.9432645,26.9315546 80.9432849,26.9315538 80.9432659,26.9313377 80.9431450,26.9313409 80.9431641,26.9315580 80.9431739,26.9315577</coordinates></LinearRing></outerBoundaryIs></Polygon></Placemark><Placemark><name>4/12</name><ExtendedData><Data name="plot_no"><value>4/12</value></Data><Data name="count"><value>COUNT</value></Data><Data name="land_use"><value>RESIDENTIAL PLOT</value></Data><Data name="registration_no"><value>2418098</value></Data><Data name="pro_status"><value>R</value></Data><Data name="pro_no"><value>4/12</value></Data><Data name="plot_type"><value>B TYPE PLOT</value></Data><Data name="sanctioned_area_sqm"><value>288</value></Data><Data name="area_sqm"><value>284.78</value></Data><Data name="sector"><value>SECTOR 4</value></Data><Data name="tenure"><value>REGISTERED</value></Data></ExtendedData><Polygon><outerBoundaryIs><LinearRing><coordinates>80.9435368,26.9315451 80.9436275,26.9315420 80.9436440,26.9315414 80.9436284,26.9313281 80.9435075,26.9313313 80.9435231,26.9315456 80.9435368,26.9315451</coordinates></LinearRing></outerBoundaryIs></Polygon></Placemark><Placemark><name>4/234</name><ExtendedData><Data name="plot_no"><value>4/234</value></Data><Data name="count"><value>COUNT</value></Data><Data name="land_use"><value>RESIDENTIAL PLOT</value></Data><Data name="registration_no"><value>2077313</value></Data><Data name="pro_status"><value>R</value></Data><Data name="pro_no"><value>4/234</value></Data><Data name="plot_type"><value>D TYPE PLOT</value></Data><Data name="sanctioned_area_sqm"><value>115.50</value></Data><Data name="area_sqm"><value>116.64</value></Data><Data name="sector"><value>SECTOR 4</value></Data><Data name="tenure"><value>REGISTERED</value></Data></ExtendedData><Polygon><outerBoundaryIs><LinearRing><coordinates>80.9440283,26.9328362 80.9440260,26.9328179 80.9440205,26.9327733 80.9438537,26.9327874 80.9438608,26.9328503 80.9440283,26.9328362</coordinates></LinearRing></outerBoundaryIs></Polygon></Placemark><Placemark><name>4/238</name><ExtendedData><Data name="plot_no"><value>4/238</value></Data><Data name="count"><value>COUNT</value></Data><Data name="land_use"><value>RESIDENTIAL PLOT</value></Data><Data name="registration_no"><value>2009067</value></Data><Data name="pro_status"><value>A</value></Data><Data name="pro_no"><value>4/238</value></Data><Data name="plot_type"><value>D TYPE PLOT</value></Data><Data name="sanctioned_area_sqm"><value>115.50</value></Data><Data name="area_sqm"><value>104.25</value></Data><Data name="sector"><value>SECTOR 4</value></Data><Data name="tenure"><value>ALLOTTED</value></Data></ExtendedData><Polygon><outerBoundaryIs><LinearRing><coordinates>80.9439990,26.9325984 80.9439954,26.9325668 80.9439925,26.9325407 80.9438275,26.9325550 80.9438339,26.9326112 80.9439990,26.9325984</coordinates></LinearRing></outerBoundaryIs></Polygon></Placemark><Placemark><name>4/230</name><ExtendedData><Data name="plot_no"><value>4/230</value></Data><Data name="count"><value>COUNT</value></Data><Data name="land_use"><value>RESIDENTIAL PLOT</value></Data><Data name="registration_no"><value>2077787</value></Data><Data name="pro_status"><value>R</value></Data><Data name="pro_no"><value>4/230</value></Data><Data name="plot_type"><value>D TYPE PLOT</value></Data><Data name="sanctioned_area_sqm"><value>115.50</value></Data><Data name="area_sqm"><value>118.58</value></Data><Data name="sector"><value>SECTOR 4</value></Data><Data name="tenure"><value>REGISTERED</value></Data></ExtendedData><Polygon><outerBoundaryIs><LinearRing><coordinates>80.9440594,26.9330875 80.9440571,26.9330692 80.9440516,26.9330246 80.9438821,26.9330390 80.9438891,26.9331019 80.9440594,26.9330875</coordinates></LinearRing></outerBoundaryIs></Polygon></Placemark><Placemark><name>4/235</name><ExtendedData><Data name="plot_no"><value>4/235</value></Data><Data name="count"><value>COUNT</value></Data><Data name="land_use"><value>RESIDENTIAL PLOT</value></Data><Data name="registration_no"><value>2076042</value></Data><Data name="pro_status"><value>R</value></Data><Data name="pro_no"><value>4/235</value></Data><Data name="plot_type"><value>D TYPE PLOT</value></Data><Data name="sanctioned_area_sqm"><value>115.50</value></Data><Data name="area_sqm"><value>116.18</value></Data><Data name="sector"><value>SECTOR 4</value></Data><Data name="tenure"><value>REGISTERED</value></Data></ExtendedData><Polygon><outerBoundaryIs><LinearRing><coordinates>80.9440205,26.9327733 80.9440183,26.9327551 80.9440128,26.9327105 80.9438466,26.9327246 80.9438537,26.9327874 80.9440205,26.9327733</coordinates></LinearRing></outerBoundaryIs></Polygon></Placemark><Placemark><name>4/237</name><ExtendedData><Data name="plot_no"><value>4/237</value></Data><Data name="count"><value>COUNT</value></Data><Data name="land_use"><value>RESIDENTIAL PLOT</value></Data><Data name="registration_no"><value>2079039</value></Data><Data name="pro_status"><value>R</value></Data><Data name="pro_no"><value>4/237</value></Data><Data name="plot_type"><value>D TYPE PLOT</value></Data><Data name="sanctioned_area_sqm"><value>115.50</value></Data><Data name="area_sqm"><value>103.65</value></Data><Data name="sector"><value>SECTOR 4</value></Data><Data name="tenure"><value>REGISTERED</value></Data></ExtendedData><Polygon><outerBoundaryIs><LinearRing><coordinates>80.9440059,26.9326549 80.9440028,26.9326295 80.9439990,26.9325991 80.9439990,26.9325984 80.9438339,26.9326112 80.9438402,26.9326677 80.9440059,26.9326549</coordinates></LinearRing></outerBoundaryIs></Polygon></Placemark><Placemark><name>4/236</name><ExtendedData><Data name="plot_no"><value>4/236</value></Data><Data name="count"><value>COUNT</value></Data><Data name="land_use"><value>RESIDENTIAL PLOT</value></Data><Data name="registration_no"><value>2078932</value></Data><Data name="pro_status"><value>A</value></Data><Data name="pro_no"><value>4/236</value></Data><Data name="plot_type"><value>D TYPE PLOT</value></Data><Data name="sanctioned_area_sqm"><value>115.50</value></Data><Data name="area_sqm"><value>103.61</value></Data><Data name="sector"><value>SECTOR 4</value></Data><Data name="tenure"><value>ALLOTTED</value></Data></ExtendedData><Polygon><outerBoundaryIs><LinearRing><coordinates>80.9440128,26.9327105 80.9440105,26.9326923 80.9440059,26.9326549 80.9438402,26.9326677 80.9438466,26.9327246 80.9440128,26.9327105</coordinates></LinearRing></outerBoundaryIs></Polygon></Placemark><Placemark><name>4/228</name><ExtendedData><Data name="plot_no"><value>4/228</value></Data><Data name="count"><value>COUNT</value></Data><Data name="land_use"><value>RESIDENTIAL PLOT</value></Data><Data name="registration_no"><value>2076647</value></Data><Data name="pro_status"><value>R</value></Data><Data name="pro_no"><value>4/228</value></Data><Data name="plot_type"><value>D TYPE PLOT</value></Data><Data name="sanctioned_area_sqm"><value>115.50</value></Data><Data name="area_sqm"><value>119.59</value></Data><Data name="sector"><value>SECTOR 4</value></Data><Data name="tenure"><value>REGISTERED</value></Data></ExtendedData><Polygon><outerBoundaryIs><LinearRing><coordinates>80.9440750,26.9332131 80.9440727,26.9331948 80.9440672,26.9331503 80.9438962,26.9331647 80.9439033,26.9332276 80.9440750,26.9332131</coordinates></LinearRing></outerBoundaryIs></Polygon></Placemark><Placemark><name>4/239</name><ExtendedData><Data name="plot_no"><value>4/239</value></Data><Data name="count"><value>COUNT</value></Data><Data name="land_use"><value>RESIDENTIAL PLOT</value></Data><Data name="registration_no"><value>2078096</value></Data><Data name="pro_status"><value>R</value></Data><Data name="pro_no"><value>4/239</value></Data><Data name="plot_type"><value>D TYPE PLOT</value></Data><Data name="sanctioned_area_sqm"><value>115.50</value></Data><Data name="area_sqm"><value>115.13</value></Data><Data name="sector"><value>SECTOR 4</value></Data><Data name="tenure"><value>REGISTERED</value></Data></ExtendedData><Polygon><outerBoundaryIs><LinearRing><coordinates>80.9439925,26.9325407 80.9439883,26.9325039 80.9439854,26.9324778 80.9438205,26.9324921 80.9438275,26.9325550 80.9439925,26.9325407</coordinates></LinearRing></outerBoundaryIs></Polygon></Placemark><Placemark><name>4/229</name><ExtendedData><Data name="plot_no"><value>4/229</value></Data><Data name="count"><value>COUNT</value></Data><Data name="land_use"><value>RESIDENTIAL PLOT</value></Data><Data name="registration_no"><value>2207177</value></Data><Data name="pro_status"><value>R</value></Data><Data name="pro_no"><value>4/229</value></Data><Data name="plot_type"><value>D TYPE PLOT</value></Data><Data name="sanctioned_area_sqm"><value>115.50</value></Data><Data name="area_sqm"><value>119.09</value></Data><Data name="sector"><value>SECTOR 4</value></Data><Data name="tenure"><value>REGISTERED</value></Data></ExtendedData><Polygon><outerBoundaryIs><LinearRing><coordinates>80.9440672,26.9331503 80.9440649,26.9331320 80.9440594,26.9330875 80.9438891,26.9331019 80.9438962,26.9331647 80.9440672,26.9331503</coordinates></LinearRing></outerBoundaryIs></Polygon></Placemark><Placemark><name>4/240</name><ExtendedData><Data name="plot_no"><value>4/240</value></Data><Data name="count"><value>COUNT</value></Data><Data name="land_use"><value>RESIDENTIAL PLOT</value></Data><Data name="registration_no"><value>2250009</value></Data><Data name="pro_status"><value>R</value></Data><Data name="pro_no"><value>4/240</value></Data><Data name="plot_type"><value>D TYPE PLOT</value></Data><Data name="sanctioned_area_sqm"><value>115.50</value></Data><Data name="area_sqm"><value>115.14</value></Data><Data name="sector"><value>SECTOR 4</value></Data><Data name="tenure"><value>REGISTERED</value></Data></ExtendedData><Polygon><outerBoundaryIs><LinearRing><coordinates>80.9439854,26.9324778 80.9439812,26.9324410 80.9439783,26.9324150 80.9438134,26.9324292 80.9438205,26.9324921 80.9439854,26.9324778</coordinates></LinearRing></outerBoundaryIs></Polygon></Placemark><Placemark><name>4/227</name><ExtendedData><Data name="plot_no"><value>4/227</value></Data><Data name="count"><value>COUNT</value></Data><Data name="land_use"><value>RESIDENTIAL PLOT</value></Data><Data name="registration_no"><value>2123447</value></Data><Data name="pro_status"><value>R</value></Data><Data name="pro_no"><value>4/227</value></Data><Data name="plot_type"><value>D TYPE PLOT</value></Data><Data name="sanctioned_area_sqm"><value>115.50</value></Data><Data name="area_sqm"><value>143.22</value></Data><Data name="sector"><value>SECTOR 4</value></Data><Data name="tenure"><value>REGISTERED</value></Data></ExtendedData><Polygon><outerBoundaryIs><LinearRing><coordinates>80.9440842,26.9332870 80.9440750,26.9332131 80.9439033,26.9332276 80.9439119,26.9333035 80.9440842,26.9332870</coordinates></LinearRing></outerBoundaryIs></Polygon></Placemark><Placemark><name>4/14</name><ExtendedData><Data name="plot_no"><value>4/14</value></Data><Data name="count"><value>COUNT</value></Data><Data name="land_use"><value>RESIDENTIAL PLOT</value></Data><Data name="registration_no"><value>2357767</value></Data><Data name="pro_status"><value>R</value></Data><Data name="pro_no"><value>4/14</value></Data><Data name="plot_type"><value>C TYPE PLOT</value></Data><Data name="sanctioned_area_sqm"><value>162</value></Data><Data name="area_sqm"><value>270.55</value></Data><Data name="sector"><value>SECTOR 4</value></Data><Data name="tenure"><value>REGISTERED</value></Data></ExtendedData><Polygon><outerBoundaryIs><LinearRing><coordinates>80.9437911,26.9316989 80.9437787,26.9315367 80.9437735,26.9315369 80.9437042,26.9315393 80.9436440,26.9315414 80.9436275,26.9315420 80.9436399,26.9317042 80.9437166,26.9317015 80.9437911,26.9316989</coordinates></LinearRing></outerBoundaryIs></Polygon></Placemark><Placemark><name>4/13</name><ExtendedData><Data name="plot_no"><value>4/13</value></Data><Data name="count"><value>COUNT</value></Data><Data name="land_use"><value>RESIDENTIAL PLOT</value></Data><Data name="registration_no"><value>48416</value></Data><Data name="pro_status"><value>R</value></Data><Data name="pro_no"><value>4/13</value></Data><Data name="plot_type"><value>B TYPE PLOT</value></Data><Data name="sanctioned_area_sqm"><value>288</value></Data><Data name="area_sqm"><value>303.81</value></Data><Data name="sector"><value>SECTOR 4</value></Data><Data name="tenure"><value>REGISTERED</value></Data></ExtendedData><Polygon><outerBoundaryIs><LinearRing><coordinates>80.9437042,26.9315393 80.9437735,26.9315369 80.9437579,26.9313246 80.9436284,26.9313281 80.9436440,26.9315414 80.9437042,26.9315393</coordinates></LinearRing></outerBoundaryIs></Polygon></Placemark><Placemark><name>4/263</name><ExtendedData><Data name="remark"><value>SHORTED PLOT NO(4/255,256,257,258)</value></Data><Data name="plot_no"><value>4/263</value></Data><Data name="count"><value>COUNT</value></Data><Data name="land_use"><value>RESIDENTIAL PLOT</value></Data><Data name="registration_no"><value>2076176</value></Data><Data name="pro_status"><value>R</value></Data><Data name="pro_no"><value>4/263</value></Data><Data name="plot_type"><value>D TYPE PLOT</value></Data><Data name="sanctioned_area_sqm"><value>115.50</value></Data><Data name="area_sqm"><value>118.31</value></Data><Data name="sector"><value>SECTOR 4</value></Data><Data name="tenure"><value>REGISTERED</value></Data></ExtendedData><Polygon><outerBoundaryIs><LinearRing><coordinates>80.9441205,26.9321741 80.9441156,26.9321336 80.9441130,26.9321113 80.9439437,26.9321268 80.9439480,26.9321644 80.9439494,26.9321760 80.9439511,26.9321897 80.9441205,26.9321741</coordinates></LinearRing></outerBoundaryIs></Polygon></Placemark><Placemark><name>4/302</name><ExtendedData><Data name="plot_no"><value>4/302</value></Data><Data name="count"><value>COUNT</value></Data><Data name="land_use"><value>RESIDENTIAL PLOT</value></Data><Data name="registration_no"><value>2078402</value></Data><Data name="pro_status"><value>R</value></Data><Data name="pro_no"><value>4/302</value></Data><Data name="plot_type"><value>D TYPE PLOT</value></Data><Data name="sanctioned_area_sqm"><value>115.50</value></Data><Data name="area_sqm"><value>117.71</value></Data><Data name="sector"><value>SECTOR 4</value></Data><Data name="tenure"><value>REGISTERED</value></Data></ExtendedData><Polygon><outerBoundaryIs><LinearRing><coordinates>80.9445590,26.9318920 80.9445587,26.9318892 80.9445389,26.9318918 80.9444875,26.9318983 80.9444851,26.9318986 80.9444853,26.9319003 80.9445041,26.9320426 80.9445765,26.9320341 80.9445590,26.9318920</coordinates></LinearRing></outerBoundaryIs></Polygon></Placemark><Placemark><name>4/159</name><ExtendedData><Data name="plot_no"><value>4/159</value></Data><Data name="count"><value>COUNT</value></Data><Data name="land_use"><value>RESIDENTIAL PLOT</value></Data><Data name="registration_no"><value>2128828</value></Data><Data name="pro_status"><value>P</value></Data><Data name="pro_no"><value>4/159</value></Data><Data name="plot_type"><value>C TYPE PLOT</value></Data><Data name="sanctioned_area_sqm"><value>200</value></Data><Data name="area_sqm"><value>198.12</value></Data><Data name="sector"><value>SECTOR 4</value></Data><Data name="tenure"><value>POSSESSION</value></Data></ExtendedData><Polygon><outerBoundaryIs><LinearRing><coordinates>80.9446002,26.9336627 80.9445798,26.9334848 80.9445322,26.9334894 80.9444796,26.9334944 80.9445000,26.9336723 80.9446002,26.9336627</coordinates></LinearRing></outerBoundaryIs></Polygon></Placemark><Placemark><name>4/322</name><ExtendedData><Data name="plot_no"><value>4/322</value></Data><Data name="count"><value>COUNT</value></Data><Data name="land_use"><value>RESIDENTIAL PLOT</value></Data><Data name="registration_no"><value>2224111</value></Data><Data name="pro_status"><value>R</value></Data><Data name="pro_no"><value>4/322</value></Data><Data name="plot_type"><value>D TYPE PLOT</value></Data><Data name="sanctioned_area_sqm"><value>115.50</value></Data><Data name="area_sqm"><value>116.05</value></Data><Data name="sector"><value>SECTOR 4</value></Data><Data name="tenure"><value>REGISTERED</value></Data></ExtendedData><Polygon><outerBoundaryIs><LinearRing><coordinates>80.9453243,26.9323845 80.9452884,26.9323301 80.9451433,26.9324035 80.9451785,26.9324582 80.9453243,26.9323845</coordinates></LinearRing></outerBoundaryIs></Polygon></Placemark><Placemark><name>4/366</name><ExtendedData><Data name="plot_no"><value>4/366</value></Data><Data name="count"><value>COUNT</value></Data><Data name="land_use"><value>RESIDENTIAL PLOT</value></Data><Data name="registration_no"><value>2142977</value></Data><Data name="pro_status"><value>R</value></Data><Data name="pro_no"><value>4/366</value></Data><Data name="plot_type"><value>C TYPE PLOT</value></Data><Data name="sanctioned_area_sqm"><value>200</value></Data><Data name="area_sqm"><value>311.72</value></Data><Data name="sector"><value>SECTOR 4</value></Data><Data name="tenure"><value>REGISTERED</value></Data></ExtendedData><Polygon><outerBoundaryIs><LinearRing><coordinates>80.9459821,26.9333499 80.9459339,26.9333547 80.9459340,26.9333556 80.9459541,26.9335366 80.9460924,26.9335231 80.9460932,26.9335067 80.9460956,26.9334410 80.9461056,26.9334039 80.9461183,26.9333547 80.9461209,26.9333484 80.9459821,26.9333499</coordinates></LinearRing></outerBoundaryIs></Polygon></Placemark><Placemark><name>4/369</name><ExtendedData><Data name="plot_no"><value>4/369</value></Data><Data name="count"><value>COUNT</value></Data><Data name="land_use"><value>RESIDENTIAL PLOT</value></Data><Data name="registration_no"><value>2357759</value></Data><Data name="pro_status"><value>R</value></Data><Data name="pro_no"><value>4/369</value></Data><Data name="plot_type"><value>C TYPE PLOT</value></Data><Data name="sanctioned_area_sqm"><value>200</value></Data><Data name="area_sqm"><value>364.26</value></Data><Data name="sector"><value>SECTOR 4</value></Data><Data name="tenure"><value>REGISTERED</value></Data></ExtendedData><Polygon><outerBoundaryIs><LinearRing><coordinates>80.9461909,26.9332148 80.9462306,26.9331769 80.9462382,26.9331732 80.9461836,26.9330673 80.9461501,26.9330021 80.9461046,26.9330313 80.9460581,26.9330682 80.9460162,26.9331092 80.9459805,26.9331524 80.9461655,26.9332508 80.9461909,26.9332148</coordinates></LinearRing></outerBoundaryIs></Polygon></Placemark><Placemark><name>4/374-C</name><ExtendedData><Data name="plot_no"><value>4/374-C</value></Data><Data name="count"><value>COUNT</value></Data><Data name="land_use"><value>RESIDENTIAL PLOT</value></Data><Data name="registration_no"><value>2142016</value></Data><Data name="pro_status"><value>R</value></Data><Data name="pro_no"><value>4/374-C</value></Data><Data name="plot_type"><value>C TYPE PLOT</value></Data><Data name="sanctioned_area_sqm"><value>200</value></Data><Data name="area_sqm"><value>234.7</value></Data><Data name="sector"><value>SECTOR 4</value></Data><Data name="tenure"><value>REGISTERED</value></Data></ExtendedData><Polygon><outerBoundaryIs><LinearRing><coordinates>80.9461108,26.9324949 80.9460647,26.9324002 80.9460502,26.9324061 80.9458793,26.9324766 80.9458742,26.9324792 80.9459229,26.9325688 80.9459240,26.9325709 80.9461108,26.9324949</coordinates></LinearRing></outerBoundaryIs></Polygon></Placemark><Placemark><name>4/72</name><ExtendedData><Data name="plot_no"><value>4/72</value></Data><Data name="count"><value>COUNT</value></Data><Data name="land_use"><value>RESIDENTIAL PLOT</value></Data><Data name="registration_no"><value>2061513</value></Data><Data name="pro_status"><value>R</value></Data><Data name="pro_no"><value>4/72</value></Data><Data name="plot_type"><value>C TYPE PLOT</value></Data><Data name="sanctioned_area_sqm"><value>162</value></Data><Data name="area_sqm"><value>160.78</value></Data><Data name="sector"><value>SECTOR 4</value></Data><Data name="tenure"><value>REGISTERED</value></Data></ExtendedData><Polygon><outerBoundaryIs><LinearRing><coordinates>80.9426670,26.9329382 80.9426590,26.9328574 80.9424796,26.9328725 80.9424836,26.9329128 80.9424877,26.9329534 80.9426670,26.9329382</coordinates></LinearRing></outerBoundaryIs></Polygon></Placemark><Placemark><name>4/69</name><ExtendedData><Data name="plot_no"><value>4/69</value></Data><Data name="count"><value>COUNT</value></Data><Data name="land_use"><value>RESIDENTIAL PLOT</value></Data><Data name="registration_no"><value>2070680</value></Data><Data name="pro_status"><value>R</value></Data><Data name="pro_no"><value>4/69</value></Data><Data name="plot_type"><value>C TYPE PLOT</value></Data><Data name="sanctioned_area_sqm"><value>162</value></Data><Data name="area_sqm"><value>164.79</value></Data><Data name="sector"><value>SECTOR 4</value></Data><Data name="tenure"><value>REGISTERED</value></Data></ExtendedData><Polygon><outerBoundaryIs><LinearRing><coordinates>80.9426908,26.9331812 80.9426828,26.9330991 80.9425023,26.9331143 80.9425081,26.9331828 80.9425093,26.9331965 80.9426908,26.9331812</coordinates></LinearRing></outerBoundaryIs></Polygon></Placemark><Placemark><name>4/70</name><ExtendedData><Data name="plot_no"><value>4/70</value></Data><Data name="count"><value>COUNT</value></Data><Data name="land_use"><value>RESIDENTIAL PLOT</value></Data><Data name="registration_no"><value>2053197</value></Data><Data name="pro_status"><value>R</value></Data><Data name="pro_no"><value>4/70</value></Data><Data name="plot_type"><value>C TYPE PLOT</value></Data><Data name="sanctioned_area_sqm"><value>162</value></Data><Data name="area_sqm"><value>157.61</value></Data><Data name="sector"><value>SECTOR 4</value></Data><Data name="tenure"><value>REGISTERED</value></Data></ExtendedData><Polygon><outerBoundaryIs><LinearRing><coordinates>80.9426828,26.9330991 80.9426750,26.9330201 80.9424956,26.9330352 80.9425005,26.9330927 80.9425023,26.9331143 80.9426828,26.9330991</coordinates></LinearRing></outerBoundaryIs></Polygon></Placemark><Placemark><name>4/71</name><ExtendedData><Data name="plot_no"><value>4/71</value></Data><Data name="count"><value>COUNT</value></Data><Data name="land_use"><value>RESIDENTIAL PLOT</value></Data><Data name="registration_no"><value>2056989</value></Data><Data name="pro_status"><value>R</value></Data><Data name="pro_no"><value>4/71</value></Data><Data name="plot_type"><value>C TYPE PLOT</value></Data><Data name="sanctioned_area_sqm"><value>162</value></Data><Data name="area_sqm"><value>162.6</value></Data><Data name="sector"><value>SECTOR 4</value></Data><Data name="tenure"><value>REGISTERED</value></Data></ExtendedData><Polygon><outerBoundaryIs><LinearRing><coordinates>80.9426750,26.9330201 80.9426670,26.9329382 80.9424877,26.9329534 80.9424926,26.9330026 80.9424937,26.9330127 80.9424956,26.9330352 80.9426750,26.9330201</coordinates></LinearRing></outerBoundaryIs></Polygon></Placemark><Placemark><name>4/74</name><ExtendedData><Data name="plot_no"><value>4/74</value></Data><Data name="count"><value>COUNT</value></Data><Data name="land_use"><value>RESIDENTIAL PLOT</value></Data><Data name="registration_no"><value>2317907</value></Data><Data name="pro_status"><value>R</value></Data><Data name="pro_no"><value>4/74</value></Data><Data name="plot_type"><value>C TYPE PLOT</value></Data><Data name="sanctioned_area_sqm"><value>162</value></Data><Data name="area_sqm"><value>159.05</value></Data><Data name="sector"><value>SECTOR 4</value></Data><Data name="tenure"><value>REGISTERED</value></Data></ExtendedData><Polygon><outerBoundaryIs><LinearRing><coordinates>80.9426510,26.9327748 80.9426435,26.9326950 80.9424633,26.9327102 80.9424656,26.9327329 80.9424713,26.9327900 80.9426510,26.9327748</coordinates></LinearRing></outerBoundaryIs></Polygon></Placemark><Placemark><name>4/75</name><ExtendedData><Data name="plot_no"><value>4/75</value></Data><Data name="count"><value>COUNT</value></Data><Data name="land_use"><value>RESIDENTIAL PLOT</value></Data><Data name="registration_no"><value>2257073</value></Data><Data name="pro_status"><value>R</value></Data><Data name="pro_no"><value>4/75</value></Data><Data name="plot_type"><value>C TYPE PLOT</value></Data><Data name="sanctioned_area_sqm"><value>162</value></Data><Data name="area_sqm"><value>162.05</value></Data><Data name="sector"><value>SECTOR 4</value></Data><Data name="tenure"><value>REGISTERED</value></Data></ExtendedData><Polygon><outerBoundaryIs><LinearRing><coordinates>80.9426435,26.9326950 80.9426358,26.9326139 80.9424554,26.9326292 80.9424567,26.9326429 80.9424581,26.9326578 80.9424633,26.9327102 80.9426435,26.9326950</coordinates></LinearRing></outerBoundaryIs></Polygon></Placemark><Placemark><name>4/76</name><ExtendedData><Data name="plot_no"><value>4/76</value></Data><Data name="count"><value>COUNT</value></Data><Data name="land_use"><value>RESIDENTIAL PLOT</value></Data><Data name="registration_no"><value>2123372</value></Data><Data name="pro_status"><value>R</value></Data><Data name="pro_no"><value>4/76</value></Data><Data name="plot_type"><value>C TYPE PLOT</value></Data><Data name="sanctioned_area_sqm"><value>162</value></Data><Data name="area_sqm"><value>162.02</value></Data><Data name="sector"><value>SECTOR 4</value></Data><Data name="tenure"><value>REGISTERED</value></Data></ExtendedData><Polygon><outerBoundaryIs><LinearRing><coordinates>80.9426358,26.9326139 80.9426281,26.9325328 80.9424479,26.9325480 80.9424483,26.9325529 80.9424554,26.9326292 80.9426358,26.9326139</coordinates></LinearRing></outerBoundaryIs></Polygon></Placemark><Placemark><name>4/57</name><ExtendedData><Data name="plot_no"><value>4/57</value></Data><Data name="count"><value>COUNT</value></Data><Data name="land_use"><value>RESIDENTIAL PLOT</value></Data><Data name="registration_no"><value>2257057</value></Data><Data name="pro_status"><value>R</value></Data><Data name="pro_no"><value>4/57</value></Data><Data name="plot_type"><value>C TYPE PLOT</value></Data><Data name="sanctioned_area_sqm"><value>200</value></Data><Data name="area_sqm"><value>199.4</value></Data><Data name="sector"><value>SECTOR 4</value></Data><Data name="tenure"><value>REGISTERED</value></Data></ExtendedData><Polygon><outerBoundaryIs><LinearRing><coordinates>80.9425434,26.9335428 80.9425412,26.9335205 80.9425346,26.9334548 80.9423328,26.9334738 80.9423412,26.9335636 80.9425434,26.9335428</coordinates></LinearRing></outerBoundaryIs></Polygon></Placemark><Placemark><name>4/231</name><ExtendedData><Data name="plot_no"><value>4/231</value></Data><Data name="count"><value>COUNT</value></Data><Data name="land_use"><value>RESIDENTIAL PLOT</value></Data><Data name="registration_no"><value>2214535</value></Data><Data name="pro_status"><value>R</value></Data><Data name="pro_no"><value>4/231</value></Data><Data name="plot_type"><value>D TYPE PLOT</value></Data><Data name="sanctioned_area_sqm"><value>115.50</value></Data><Data name="area_sqm"><value>118.08</value></Data><Data name="sector"><value>SECTOR 4</value></Data><Data name="tenure"><value>REGISTERED</value></Data></ExtendedData><Polygon><outerBoundaryIs><LinearRing><coordinates>80.9440516,26.9330246 80.9440493,26.9330064 80.9440438,26.9329618 80.9438750,26.9329761 80.9438821,26.9330390 80.9440516,26.9330246</coordinates></LinearRing></outerBoundaryIs></Polygon></Placemark><Placemark><name>4/232</name><ExtendedData><Data name="plot_no"><value>4/232</value></Data><Data name="count"><value>COUNT</value></Data><Data name="land_use"><value>RESIDENTIAL PLOT</value></Data><Data name="registration_no"><value>2215964</value></Data><Data name="pro_status"><value>R</value></Data><Data name="pro_no"><value>4/232</value></Data><Data name="plot_type"><value>D TYPE PLOT</value></Data><Data name="sanctioned_area_sqm"><value>115.50</value></Data><Data name="area_sqm"><value>117.58</value></Data><Data name="sector"><value>SECTOR 4</value></Data><Data name="tenure"><value>REGISTERED</value></Data></ExtendedData><Polygon><outerBoundaryIs><LinearRing><coordinates>80.9440438,26.9329618 80.9440415,26.9329436 80.9440399,26.9329307 80.9440360,26.9328990 80.9438679,26.9329132 80.9438750,26.9329761 80.9440438,26.9329618</coordinates></LinearRing></outerBoundaryIs></Polygon></Placemark><Placemark><name>4/101</name><ExtendedData><Data name="plot_no"><value>4/101</value></Data><Data name="count"><value>COUNT</value></Data><Data name="land_use"><value>RESIDENTIAL PLOT</value></Data><Data name="registration_no"><value>2071223</value></Data><Data name="pro_status"><value>R</value></Data><Data name="pro_no"><value>4/101</value></Data><Data name="plot_type"><value>D TYPE PLOT</value></Data><Data name="sanctioned_area_sqm"><value>115.50</value></Data><Data name="area_sqm"><value>117.93</value></Data><Data name="sector"><value>SECTOR 4</value></Data><Data name="tenure"><value>REGISTERED</value></Data></ExtendedData><Polygon><outerBoundaryIs><LinearRing><coordinates>80.9431399,26.9326583 80.9431240,26.9325068 80.9431182,26.9325074 80.9430538,26.9325131 80.9430697,26.9326645 80.9431399,26.9326583</coordinates></LinearRing></outerBoundaryIs></Polygon></Placemark><Placemark><name>4/102</name><ExtendedData><Data name="plot_no"><value>4/102</value></Data><Data name="count"><value>COUNT</value></Data><Data name="land_use"><value>RESIDENTIAL PLOT</value></Data><Data name="registration_no"><value>2076496</value></Data><Data name="pro_status"><value>R</value></Data><Data name="pro_no"><value>4/102</value></Data><Data name="plot_type"><value>D TYPE PLOT</value></Data><Data name="sanctioned_area_sqm"><value>115.50</value></Data><Data name="area_sqm"><value>117.93</value></Data><Data name="sector"><value>SECTOR 4</value></Data><Data name="tenure"><value>REGISTERED</value></Data></ExtendedData><Polygon><outerBoundaryIs><LinearRing><coordinates>80.9431807,26.9326547 80.9432101,26.9326521 80.9431942,26.9325006 80.9431884,26.9325011 80.9431240,26.9325068 80.9431399,26.9326583 80.9431807,26.9326547</coordinates></LinearRing></outerBoundaryIs></Polygon></Placemark><Placemark><name>4/103</name><ExtendedData><Data name="plot_no"><value>4/103</value></Data><Data name="count"><value>COUNT</value></Data><Data name="land_use"><value>RESIDENTIAL PLOT</value></Data><Data name="registration_no"><value>2071373</value></Data><Data name="pro_status"><value>R</value></Data><Data name="pro_no"><value>4/103</value></Data><Data name="plot_type"><value>D TYPE PLOT</value></Data><Data name="sanctioned_area_sqm"><value>115.50</value></Data><Data name="area_sqm"><value>117.93</value></Data><Data name="sector"><value>SECTOR 4</value></Data><Data name="tenure"><value>REGISTERED</value></Data></ExtendedData><Polygon><outerBoundaryIs><LinearRing><coordinates>80.9432802,26.9326458 80.9432644,26.9324944 80.9432586,26.9324949 80.9431942,26.9325006 80.9432101,26.9326521 80.9432802,26.9326458</coordinates></LinearRing></outerBoundaryIs></Polygon></Placemark><Placemark><name>4/104</name><ExtendedData><Data name="plot_no"><value>4/104</value></Data><Data name="count"><value>COUNT</value></Data><Data name="land_use"><value>RESIDENTIAL PLOT</value></Data><Data name="registration_no"><value>2252824</value></Data><Data name="pro_status"><value>R</value></Data><Data name="pro_no"><value>4/104</value></Data><Data name="plot_type"><value>D TYPE PLOT</value></Data><Data name="sanctioned_area_sqm"><value>115.50</value></Data><Data name="area_sqm"><value>117.93</value></Data><Data name="sector"><value>SECTOR 4</value></Data><Data name="tenure"><value>REGISTERED</value></Data></ExtendedData><Polygon><outerBoundaryIs><LinearRing><coordinates>80.9433504,26.9326396 80.9433345,26.9324882 80.9433287,26.9324887 80.9432644,26.9324944 80.9432802,26.9326458 80.9433504,26.9326396</coordinates></LinearRing></outerBoundaryIs></Polygon></Placemark><Placemark><name>4/105</name><ExtendedData><Data name="plot_no"><value>4/105</value></Data><Data name="count"><value>COUNT</value></Data><Data name="land_use"><value>RESIDENTIAL PLOT</value></Data><Data name="registration_no"><value>2239874</value></Data><Data name="pro_status"><value>R</value></Data><Data name="pro_no"><value>4/105</value></Data><Data name="plot_type"><value>D TYPE PLOT</value></Data><Data name="sanctioned_area_sqm"><value>115.50</value></Data><Data name="area_sqm"><value>117.93</value></Data><Data name="sector"><value>SECTOR 4</value></Data><Data name="tenure"><value>REGISTERED</value></Data></ExtendedData><Polygon><outerBoundaryIs><LinearRing><coordinates>80.9434206,26.9326334 80.9434047,26.9324819 80.9433989,26.9324824 80.9433345,26.9324882 80.9433504,26.9326396 80.9434206,26.9326334</coordinates></LinearRing></outerBoundaryIs></Polygon></Placemark><Placemark><name>NA-340</name><ExtendedData><Data name="plot_no"><value>NA-340</value></Data><Data name="count"><value>COUNT</value></Data><Data name="land_use"><value>RESIDENTIAL PLOT</value></Data><Data name="area_sqm"><value>236.21</value></Data><Data name="sector"><value>SECTOR 4</value></Data><Data name="tenure"><value>NO RECORD</value></Data></ExtendedData><Polygon><outerBoundaryIs><LinearRing><coordinates>80.9460647,26.9324002 80.9459351,26.9321337 80.9459149,26.9320994 80.9458220,26.9321385 80.9458673,26.9322047 80.9460502,26.9324061 80.9460647,26.9324002</coordinates></LinearRing></outerBoundaryIs></Polygon></Placemark><Placemark><name>NA-341</name><ExtendedData><Data name="plot_no"><value>NA-341</value></Data><Data name="count"><value>COUNT</value></Data><Data name="land_use"><value>RESIDENTIAL PLOT</value></Data><Data name="area_sqm"><value>267.31</value></Data><Data name="sector"><value>SECTOR 4</value></Data><Data name="tenure"><value>NO RECORD</value></Data></ExtendedData><Polygon><outerBoundaryIs><LinearRing><coordinates>80.9456441,26.9316403 80.9456262,26.9316099 80.9455920,26.9315376 80.9453962,26.9316213 80.9454084,26.9316448 80.9454488,26.9317238 80.9456441,26.9316403</coordinates></LinearRing></outerBoundaryIs></Polygon></Placemark><Placemark><name>NA-342</name><ExtendedData><Data name="plot_no"><value>NA-342</value></Data><Data name="count"><value>COUNT</value></Data><Data name="land_use"><value>RESIDENTIAL PLOT</value></Data><Data name="area_sqm"><value>278.98</value></Data><Data name="sector"><value>SECTOR 4</value></Data><Data name="tenure"><value>NO RECORD</value></Data></ExtendedData><Polygon><outerBoundaryIs><LinearRing><coordinates>80.9457573,26.9318322 80.9456992,26.9317338 80.9454975,26.9318187 80.9455501,26.9319214 80.9457573,26.9318322</coordinates></LinearRing></outerBoundaryIs></Polygon></Placemark><Placemark><name>NA-343</name><ExtendedData><Data name="plot_no"><value>NA-343</value></Data><Data name="count"><value>COUNT</value></Data><Data name="land_use"><value>RESIDENTIAL PLOT</value></Data><Data name="area_sqm"><value>282.27</value></Data><Data name="sector"><value>SECTOR 4</value></Data><Data name="tenure"><value>NO RECORD</value></Data></ExtendedData><Polygon><outerBoundaryIs><LinearRing><coordinates>80.9458149,26.9319300 80.9457573,26.9318322 80.9455501,26.9319214 80.9456011,26.9320210 80.9458149,26.9319300</coordinates></LinearRing></outerBoundaryIs></Polygon></Placemark><Placemark><name>NA-344</name><ExtendedData><Data name="plot_no"><value>NA-344</value></Data><Data name="count"><value>COUNT</value></Data><Data name="land_use"><value>RESIDENTIAL PLOT</value></Data><Data name="area_sqm"><value>215.08</value></Data><Data name="sector"><value>SECTOR 4</value></Data><Data name="tenure"><value>NO RECORD</value></Data></ExtendedData><Polygon><outerBoundaryIs><LinearRing><coordinates>80.9458573,26.9320018 80.9458149,26.9319300 80.9456011,26.9320210 80.9456393,26.9320957 80.9458573,26.9320018</coordinates></LinearRing></outerBoundaryIs></Polygon></Placemark><Placemark><name>NA-345</name><ExtendedData><Data name="plot_no"><value>NA-345</value></Data><Data name="count"><value>COUNT</value></Data><Data name="land_use"><value>RESIDENTIAL PLOT</value></Data><Data name="area_sqm"><value>294.85</value></Data><Data name="sector"><value>SECTOR 4</value></Data><Data name="tenure"><value>NO RECORD</value></Data></ExtendedData><Polygon><outerBoundaryIs><LinearRing><coordinates>80.9458220,26.9321385 80.9459149,26.9320994 80.9458573,26.9320018 80.9456393,26.9320957 80.9456898,26.9321943 80.9458220,26.9321385</coordinates></LinearRing></outerBoundaryIs></Polygon></Placemark><Placemark><name>NA-346</name><ExtendedData><Data name="plot_no"><value>NA-346</value></Data><Data name="count"><value>COUNT</value></Data><Data name="land_use"><value>RESIDENTIAL PLOT</value></Data><Data name="area_sqm"><value>253.7</value></Data><Data name="sector"><value>SECTOR 4</value></Data><Data name="tenure"><value>NO RECORD</value></Data></ExtendedData><Polygon><outerBoundaryIs><LinearRing><coordinates>80.9456441,26.9316403 80.9454488,26.9317238 80.9454975,26.9318187 80.9456992,26.9317338 80.9456441,26.9316403</coordinates></LinearRing></outerBoundaryIs></Polygon></Placemark><Placemark><name>EXTRA PLOT</name><ExtendedData><Data name="plot_no"><value>EXTRA PLOT</value></Data><Data name="count"><value>COUNT</value></Data><Data name="land_use"><value>RESIDENTIAL PLOT</value></Data><Data name="area_sqm"><value>160.98</value></Data><Data name="sector"><value>SECTOR 4</value></Data><Data name="tenure"><value>EXTRA PLOT</value></Data></ExtendedData><Polygon><outerBoundaryIs><LinearRing><coordinates>80.9460350,26.9330909 80.9458959,26.9329900 80.9458391,26.9330532 80.9458385,26.9330540 80.9459783,26.9331554 80.9459792,26.9331540 80.9459805,26.9331524 80.9460162,26.9331092 80.9460350,26.9330909</coordinates></LinearRing></outerBoundaryIs></Polygon></Placemark></Folder><Folder><name>reserved</name><Placemark><name>PARK (Sector 4)</name><ExtendedData><Data name="feature_type"><value>park</value></Data><Data name="name"><value>PARK (Sector 4)</value></Data><Data name="source_ref"><value>SECTOR-4/PARK/150</value></Data><Data name="area_sqm"><value>3056.33</value></Data><Data name="sector"><value>SECTOR 4</value></Data><Data name="tenure"><value>PARK</value></Data></ExtendedData><Polygon><outerBoundaryIs><LinearRing><coordinates>80.9428654,26.9322976 80.9432682,26.9322598 80.9432763,26.9322591 80.9432234,26.9317999 80.9427340,26.9318169 80.9426506,26.9318190 80.9426881,26.9322838 80.9426912,26.9323151 80.9428654,26.9322976</coordinates></LinearRing></outerBoundaryIs></Polygon></Placemark><Placemark><name>PUMP HOUSE (Sector 4)</name><ExtendedData><Data name="feature_type"><value>other</value></Data><Data name="name"><value>PUMP HOUSE (Sector 4)</value></Data><Data name="source_ref"><value>SECTOR-4/PUMP HOUSE/151</value></Data><Data name="area_sqm"><value>3233.9</value></Data><Data name="sector"><value>SECTOR 4</value></Data><Data name="tenure"><value>PUMP HOUSE</value></Data></ExtendedData><Polygon><outerBoundaryIs><LinearRing><coordinates>80.9452828,26.9327925 80.9452874,26.9327900 80.9449016,26.9321906 80.9448360,26.9320860 80.9448341,26.9320862 80.9446235,26.9321083 80.9446457,26.9322949 80.9446723,26.9325313 80.9447105,26.9328417 80.9452828,26.9327925</coordinates></LinearRing></outerBoundaryIs></Polygon></Placemark><Placemark><name>OPEN LAND (Sector 4)</name><ExtendedData><Data name="feature_type"><value>other</value></Data><Data name="name"><value>OPEN LAND (Sector 4)</value></Data><Data name="source_ref"><value>SECTOR-4/OPEN LAND/298</value></Data><Data name="area_sqm"><value>9458.73</value></Data><Data name="sector"><value>SECTOR 4</value></Data><Data name="tenure"><value>OPEN LAND</value></Data></ExtendedData><Polygon><outerBoundaryIs><LinearRing><coordinates>80.9456817,26.9325759 80.9457175,26.9325565 80.9457178,26.9325570 80.9458742,26.9324792 80.9458793,26.9324766 80.9460502,26.9324061 80.9458673,26.9322047 80.9458220,26.9321385 80.9456898,26.9321943 80.9456393,26.9320957 80.9456011,26.9320210 80.9455501,26.9319214 80.9454975,26.9318187 80.9454084,26.9316448 80.9453962,26.9316213 80.9453445,26.9315218 80.9452924,26.9314213 80.9452408,26.9313220 80.9451818,26.9312083 80.9451271,26.9311029 80.9450786,26.9310096 80.9450224,26.9309012 80.9448223,26.9310368 80.9446083,26.9311808 80.9447879,26.9313273 80.9446933,26.9313923 80.9446901,26.9313943 80.9447767,26.9315331 80.9447927,26.9315588 80.9448219,26.9316037 80.9448653,26.9316704 80.9449008,26.9317250 80.9449363,26.9317796 80.9449569,26.9318112 80.9449726,26.9318367 80.9450069,26.9318919 80.9450411,26.9319472 80.9450754,26.9320024 80.9451096,26.9320577 80.9451198,26.9320740 80.9451450,26.9321123 80.9451809,26.9321668 80.9452167,26.9322212 80.9452526,26.9322756 80.9452884,26.9323301 80.9453243,26.9323845 80.9453345,26.9323999 80.9453592,26.9324394 80.9453938,26.9324945 80.9454283,26.9325496 80.9454629,26.9326047 80.9455050,26.9326719 80.9456817,26.9325759</coordinates></LinearRing></outerBoundaryIs></Polygon></Placemark><Placemark><name>PARK (Sector 4)</name><ExtendedData><Data name="feature_type"><value>park</value></Data><Data name="name"><value>PARK (Sector 4)</value></Data><Data name="source_ref"><value>SECTOR-4/PARK/299</value></Data><Data name="area_sqm"><value>3974.15</value></Data><Data name="sector"><value>SECTOR 4</value></Data><Data name="tenure"><value>PARK</value></Data></ExtendedData><Polygon><outerBoundaryIs><LinearRing><coordinates>80.9435694,26.9333363 80.9438217,26.9333121 80.9437507,26.9326815 80.9431885,26.9327357 80.9432494,26.9333669 80.9435694,26.9333363</coordinates></LinearRing></outerBoundaryIs></Polygon></Placemark><Placemark><name>ROAD (Sector 4)</name><ExtendedData><Data name="feature_type"><value>road</value></Data><Data name="name"><value>ROAD (Sector 4)</value></Data><Data name="source_ref"><value>SECTOR-4/ROAD/348</value></Data><Data name="area_sqm"><value>33736.83</value></Data><Data name="sector"><value>SECTOR 4</value></Data><Data name="tenure"><value>ROAD</value></Data></ExtendedData><Polygon><outerBoundaryIs><LinearRing><coordinates>80.9422568,26.9339794 80.9434891,26.9338544 80.9440738,26.9337951 80.9444636,26.9337555 80.9452280,26.9336780 80.9452456,26.9336766 80.9453378,26.9336694 80.9459558,26.9336211 80.9461103,26.9336091 80.9462563,26.9336102 80.9464023,26.9336045 80.9465477,26.9335920 80.9466898,26.9335731 80.9467837,26.9335466 80.9463810,26.9327533 80.9459676,26.9319268 80.9455561,26.9310975 80.9453536,26.9306894 80.9453090,26.9305995 80.9445012,26.9311509 80.9444281,26.9311807 80.9443524,26.9312047 80.9442746,26.9312228 80.9441954,26.9312348 80.9441154,26.9312407 80.9440350,26.9312403 80.9433754,26.9312580 80.9420098,26.9313011 80.9420165,26.9313773 80.9420215,26.9314328 80.9420569,26.9318233 80.9420953,26.9322488 80.9421579,26.9329413 80.9421630,26.9329970 80.9422519,26.9339799 80.9422545,26.9339796 80.9422556,26.9339795 80.9422568,26.9339794</coordinates></LinearRing></outerBoundaryIs><innerBoundaryIs><LinearRing><coordinates>80.9424358,26.9324180 80.9426153,26.9323981 80.9426281,26.9325328 80.9426358,26.9326139 80.9426435,26.9326950 80.9426510,26.9327748 80.9426536,26.9328022 80.9426590,26.9328574 80.9426670,26.9329382 80.9426750,26.9330201 80.9426828,26.9330991 80.9426908,26.9331812 80.9426987,26.9332613 80.9427065,26.9333416 80.9427147,26.9334242 80.9427226,26.9335052 80.9427306,26.9335865 80.9427385,26.9336674 80.9427465,26.9337484 80.9427554,26.9338400 80.9425750,26.9338574 80.9423704,26.9338770 80.9423582,26.9337466 80.9423497,26.9336552 80.9423412,26.9335636 80.9423328,26.9334738 80.9423242,26.9333816 80.9423158,26.9332916 80.9423074,26.9332016 80.9422989,26.9331105 80.9422904,26.9330196 80.9422823,26.9329317 80.9422739,26.9328417 80.9422655,26.9327517 80.9422571,26.9326617 80.9422487,26.9325717 80.9422364,26.9324400 80.9424358,26.9324180</coordinates></LinearRing></innerBoundaryIs><innerBoundaryIs><LinearRing><coordinates>80.9436273,26.9334125 80.9437174,26.9334038 80.9438076,26.9333952 80.9438977,26.9333866 80.9439879,26.9333780 80.9440780,26.9333694 80.9441377,26.9333636 80.9441681,26.9333607 80.9442408,26.9333538 80.9442554,26.9333524 80.9442583,26.9333521 80.9442614,26.9333793 80.9442675,26.9334326 80.9443625,26.9334236 80.9443567,26.9333748 80.9443549,26.9333603 80.9443524,26.9333389 80.9443495,26.9333159 80.9443472,26.9332974 80.9443443,26.9332737 80.9443438,26.9332703 80.9443394,26.9332346 80.9443365,26.9332108 80.9443316,26.9331718 80.9443277,26.9331407 80.9443238,26.9331090 80.9443192,26.9330719 80.9443160,26.9330462 80.9443112,26.9330072 80.9443082,26.9329834 80.9443029,26.9329404 80.9443004,26.9329206 80.9442982,26.9329030 80.9442957,26.9328829 80.9442926,26.9328578 80.9442871,26.9328126 80.9442849,26.9327949 80.9442771,26.9327321 80.9442723,26.9326928 80.9442694,26.9326693 80.9442616,26.9326065 80.9442575,26.9325725 80.9442570,26.9325688 80.9442542,26.9325436 80.9442471,26.9324807 80.9442427,26.9324414 80.9442401,26.9324179 80.9442330,26.9323550 80.9442308,26.9323354 80.9442292,26.9323218 80.9442256,26.9322921 80.9442182,26.9322293 80.9442089,26.9321516 80.9443723,26.9321345 80.9445358,26.9321174 80.9445455,26.9321975 80.9445529,26.9322603 80.9445603,26.9323232 80.9445677,26.9323860 80.9445751,26.9324489 80.9445825,26.9325117 80.9445899,26.9325746 80.9445973,26.9326374 80.9446047,26.9327003 80.9446121,26.9327631 80.9446195,26.9328260 80.9446269,26.9328888 80.9446343,26.9329517 80.9446417,26.9330145 80.9446491,26.9330774 80.9446565,26.9331402 80.9446639,26.9332031 80.9446713,26.9332659 80.9446787,26.9333288 80.9446861,26.9333918 80.9446957,26.9334737 80.9447166,26.9336515 80.9446002,26.9336627 80.9445000,26.9336723 80.9443998,26.9336820 80.9442997,26.9336916 80.9442022,26.9337010 80.9440984,26.9337109 80.9439997,26.9337204 80.9439017,26.9337299 80.9438015,26.9337395 80.9437013,26.9337491 80.9436011,26.9337587 80.9435009,26.9337684 80.9434007,26.9337780 80.9433005,26.9337876 80.9432021,26.9337971 80.9431019,26.9338067 80.9430017,26.9338164 80.9428450,26.9338314 80.9428248,26.9336526 80.9428119,26.9334961 80.9428113,26.9334905 80.9429112,26.9334809 80.9429995,26.9334725 80.9430478,26.9334679 80.9430886,26.9334640 80.9431798,26.9334553 80.9432699,26.9334466 80.9433603,26.9334380 80.9434502,26.9334294 80.9435403,26.9334208 80.9435769,26.9334173 80.9436273,26.9334125</coordinates></LinearRing></innerBoundaryIs><innerBoundaryIs><LinearRing><coordinates>80.9447206,26.9329225 80.9450869,26.9328910 80.9452118,26.9331739 80.9452584,26.9336023 80.9448543,26.9336383 80.9448087,26.9336427 80.9447879,26.9334642 80.9447584,26.9332267 80.9447206,26.9329225</coordinates></LinearRing></innerBoundaryIs><innerBoundaryIs><LinearRing><coordinates>80.9457648,26.9331738 80.9457651,26.9331682 80.9457828,26.9331340 80.9457880,26.9331265 80.9458385,26.9330540 80.9458391,26.9330532 80.9459227,26.9329602 80.9459233,26.9329595 80.9459306,26.9329506 80.9459294,26.9329491 80.9459288,26.9329484 80.9459288,26.9329483 80.9459288,26.9329483 80.9458889,26.9328743 80.9458483,26.9327990 80.9458074,26.9327232 80.9457662,26.9326468 80.9457178,26.9325570 80.9457175,26.9325565 80.9456817,26.9325759 80.9455050,26.9326719 80.9453650,26.9327479 80.9453195,26.9326772 80.9452843,26.9326225 80.9452490,26.9325677 80.9452138,26.9325130 80.9451785,26.9324582 80.9451433,26.9324035 80.9451081,26.9323487 80.9450728,26.9322940 80.9450376,26.9322392 80.9450024,26.9321845 80.9449804,26.9321504 80.9449671,26.9321298 80.9449317,26.9320751 80.9448964,26.9320204 80.9448610,26.9319657 80.9448256,26.9319110 80.9447909,26.9318572 80.9447555,26.9318026 80.9447202,26.9317479 80.9446793,26.9316847 80.9447087,26.9316700 80.9448219,26.9316037 80.9447927,26.9315588 80.9447767,26.9315331 80.9446592,26.9316019 80.9446544,26.9316043 80.9446192,26.9316220 80.9445765,26.9316374 80.9445321,26.9316477 80.9445232,26.9316488 80.9444366,26.9316591 80.9443467,26.9316699 80.9442575,26.9316805 80.9441544,26.9316929 80.9441492,26.9316491 80.9441402,26.9315728 80.9441350,26.9315291 80.9441295,26.9314830 80.9441204,26.9314066 80.9441092,26.9313119 80.9442499,26.9313010 80.9443696,26.9312918 80.9443731,26.9312908 80.9444833,26.9312566 80.9444847,26.9312562 80.9446046,26.9311830 80.9446080,26.9311810 80.9446083,26.9311808 80.9448223,26.9310368 80.9449651,26.9309400 80.9450224,26.9309012 80.9450226,26.9309010 80.9452292,26.9307704 80.9452294,26.9307709 80.9452977,26.9309154 80.9453426,26.9310102 80.9453933,26.9311174 80.9454489,26.9312351 80.9454967,26.9313360 80.9455441,26.9314364 80.9455920,26.9315376 80.9456262,26.9316099 80.9456992,26.9317338 80.9457573,26.9318322 80.9458149,26.9319300 80.9458573,26.9320018 80.9459149,26.9320994 80.9459351,26.9321337 80.9460647,26.9324002 80.9461108,26.9324949 80.9461522,26.9325800 80.9461921,26.9326620 80.9462323,26.9327448 80.9462728,26.9328280 80.9463131,26.9329108 80.9463532,26.9329933 80.9463888,26.9330664 80.9464051,26.9330992 80.9463954,26.9331035 80.9463466,26.9331239 80.9462894,26.9331479 80.9462382,26.9331732 80.9462306,26.9331769 80.9461909,26.9332148 80.9461655,26.9332508 80.9461626,26.9332549 80.9461378,26.9333073 80.9461183,26.9333547 80.9461056,26.9334039 80.9460956,26.9334410 80.9460933,26.9335046 80.9460932,26.9335067 80.9460924,26.9335231 80.9459541,26.9335366 80.9458539,26.9335463 80.9457538,26.9335561 80.9456538,26.9335658 80.9455536,26.9335756 80.9454956,26.9335812 80.9454534,26.9335850 80.9453486,26.9335943 80.9453286,26.9334096 80.9453112,26.9332499 80.9454416,26.9332369 80.9455301,26.9332281 80.9456202,26.9332192 80.9457397,26.9332073 80.9457407,26.9332072 80.9457457,26.9332048 80.9457502,26.9332017 80.9457541,26.9331981 80.9457574,26.9331939 80.9457601,26.9331895 80.9457619,26.9331847 80.9457638,26.9331793 80.9457648,26.9331738</coordinates></LinearRing></innerBoundaryIs><innerBoundaryIs><LinearRing><coordinates>80.9463871,26.9331794 80.9464361,26.9331628 80.9465135,26.9333220 80.9464664,26.9333490 80.9464227,26.9333802 80.9463826,26.9334151 80.9463467,26.9334535 80.9463153,26.9334949 80.9462886,26.9335390 80.9461660,26.9335222 80.9461648,26.9334753 80.9461707,26.9334287 80.9461836,26.9333833 80.9462033,26.9333399 80.9462295,26.9332993 80.9462616,26.9332623 80.9462991,26.9332296 80.9463412,26.9332018 80.9463871,26.9331794</coordinates></LinearRing></innerBoundaryIs><innerBoundaryIs><LinearRing><coordinates>80.9440629,26.9316895 80.9439062,26.9316949 80.9437911,26.9316989 80.9437166,26.9317015 80.9436399,26.9317042 80.9435492,26.9317073 80.9434586,26.9317105 80.9433680,26.9317136 80.9432763,26.9317168 80.9431857,26.9317199 80.9430951,26.9317231 80.9430045,26.9317262 80.9429139,26.9317294 80.9428232,26.9317325 80.9427326,26.9317356 80.9427310,26.9317357 80.9426441,26.9317379 80.9426440,26.9317379 80.9426371,26.9316558 80.9425456,26.9316642 80.9425532,26.9317439 80.9425609,26.9318249 80.9425685,26.9319059 80.9425762,26.9319869 80.9425839,26.9320679 80.9425916,26.9321489 80.9425993,26.9322298 80.9426080,26.9323220 80.9424285,26.9323397 80.9422289,26.9323594 80.9422170,26.9322318 80.9422086,26.9321418 80.9422086,26.9321412 80.9422002,26.9320518 80.9421917,26.9319619 80.9421833,26.9318719 80.9421748,26.9317819 80.9421664,26.9316919 80.9421562,26.9315838 80.9421364,26.9313728 80.9422979,26.9313668 80.9423107,26.9313664 80.9424188,26.9313624 80.9425402,26.9313579 80.9425977,26.9313557 80.9426612,26.9313547 80.9427167,26.9313538 80.9427822,26.9313517 80.9429031,26.9313478 80.9429502,26.9313463 80.9429810,26.9313453 80.9430240,26.9313441 80.9431450,26.9313409 80.9432659,26.9313377 80.9432810,26.9313373 80.9433865,26.9313345 80.9435075,26.9313313 80.9436284,26.9313281 80.9437579,26.9313246 80.9438788,26.9313214 80.9440187,26.9313177 80.9440192,26.9313219 80.9440300,26.9314130 80.9440391,26.9314892 80.9440436,26.9315275 80.9440480,26.9315646 80.9440582,26.9316500 80.9440629,26.9316895</coordinates></LinearRing></innerBoundaryIs><innerBoundaryIs><LinearRing><coordinates>80.9434543,26.9323247 80.9434500,26.9322876 80.9434456,26.9322441 80.9433665,26.9322511 80.9433592,26.9321873 80.9433520,26.9321244 80.9433447,26.9320615 80.9433375,26.9319987 80.9433302,26.9319358 80.9433230,26.9318729 80.9433142,26.9317968 80.9434845,26.9317909 80.9436497,26.9317851 80.9436568,26.9318480 80.9436639,26.9319109 80.9436710,26.9319738 80.9436781,26.9320367 80.9436851,26.9320992 80.9436922,26.9321621 80.9436992,26.9322245 80.9437064,26.9322881 80.9437135,26.9323511 80.9437203,26.9324119 80.9437276,26.9324766 80.9437346,26.9325385 80.9437420,26.9326048 80.9436123,26.9326163 80.9435799,26.9326192 80.9434907,26.9326271 80.9434206,26.9326334 80.9433504,26.9326396 80.9432802,26.9326458 80.9432101,26.9326521 80.9431807,26.9326547 80.9431399,26.9326583 80.9430697,26.9326645 80.9429996,26.9326707 80.9430002,26.9326773 80.9430045,26.9327179 80.9430082,26.9327531 80.9430984,26.9327444 80.9431029,26.9327908 80.9431107,26.9328717 80.9431185,26.9329527 80.9431263,26.9330335 80.9431341,26.9331144 80.9431420,26.9331963 80.9431498,26.9332773 80.9431593,26.9333755 80.9430517,26.9333858 80.9429823,26.9333924 80.9428028,26.9334096 80.9427920,26.9333074 80.9427835,26.9332265 80.9427749,26.9331446 80.9427664,26.9330637 80.9427634,26.9330359 80.9427583,26.9329847 80.9427502,26.9329038 80.9427421,26.9328229 80.9427340,26.9327419 80.9427257,26.9326591 80.9427176,26.9325782 80.9427095,26.9324972 80.9426987,26.9323894 80.9428707,26.9323737 80.9428807,26.9323728 80.9429622,26.9323651 80.9430324,26.9323585 80.9430513,26.9323567 80.9431026,26.9323527 80.9431728,26.9323471 80.9432431,26.9323415 80.9433133,26.9323359 80.9433835,26.9323303 80.9434543,26.9323247</coordinates></LinearRing></innerBoundaryIs><innerBoundaryIs><LinearRing><coordinates>80.9432494,26.9333669 80.9431885,26.9327357 80.9437507,26.9326815 80.9438217,26.9333121 80.9435694,26.9333363 80.9432494,26.9333669</coordinates></LinearRing></innerBoundaryIs><innerBoundaryIs><LinearRing><coordinates>80.9438466,26.9327246 80.9438402,26.9326677 80.9438339,26.9326112 80.9438275,26.9325550 80.9438205,26.9324921 80.9438134,26.9324292 80.9438063,26.9323663 80.9437990,26.9323015 80.9437919,26.9322387 80.9437851,26.9321781 80.9437780,26.9321152 80.9437709,26.9320523 80.9437639,26.9319894 80.9437568,26.9319266 80.9437497,26.9318637 80.9437405,26.9317820 80.9439034,26.9317763 80.9440725,26.9317705 80.9440790,26.9318250 80.9440831,26.9318599 80.9440906,26.9319227 80.9440948,26.9319586 80.9440980,26.9319856 80.9441014,26.9320141 80.9441055,26.9320484 80.9441130,26.9321113 80.9441156,26.9321336 80.9441205,26.9321741 80.9441279,26.9322370 80.9441354,26.9322998 80.9441380,26.9323218 80.9441406,26.9323438 80.9441427,26.9323627 80.9441498,26.9324255 80.9441525,26.9324498 80.9441569,26.9324884 80.9441640,26.9325513 80.9441663,26.9325720 80.9441673,26.9325811 80.9441712,26.9326127 80.9441790,26.9326756 80.9441821,26.9327007 80.9441867,26.9327384 80.9441944,26.9328012 80.9441968,26.9328199 80.9442022,26.9328640 80.9442052,26.9328885 80.9442081,26.9329119 80.9442100,26.9329268 80.9442131,26.9329519 80.9442178,26.9329897 80.9442200,26.9330075 80.9442256,26.9330525 80.9442294,26.9330834 80.9442334,26.9331153 80.9442373,26.9331472 80.9442412,26.9331781 80.9442470,26.9332248 80.9442527,26.9332709 80.9442532,26.9332746 80.9442522,26.9332746 80.9441423,26.9332815 80.9441348,26.9332822 80.9440842,26.9332870 80.9439119,26.9333035 80.9439033,26.9332276 80.9438962,26.9331647 80.9438891,26.9331019 80.9438821,26.9330390 80.9438750,26.9329761 80.9438679,26.9329132 80.9438608,26.9328503 80.9438537,26.9327874 80.9438466,26.9327246</coordinates></LinearRing></innerBoundaryIs><innerBoundaryIs><LinearRing><coordinates>80.9448341,26.9320862 80.9448360,26.9320860 80.9449016,26.9321906 80.9452874,26.9327900 80.9452828,26.9327925 80.9447105,26.9328417 80.9446723,26.9325313 80.9446457,26.9322949 80.9446235,26.9321083 80.9448341,26.9320862</coordinates></LinearRing></innerBoundaryIs><innerBoundaryIs><LinearRing><coordinates>80.9453121,26.9328716 80.9456826,26.9326704 80.9458267,26.9329389 80.9457843,26.9329809 80.9457445,26.9330297 80.9457103,26.9330818 80.9456852,26.9331310 80.9453015,26.9331691 80.9451796,26.9328830 80.9453121,26.9328716</coordinates></LinearRing></innerBoundaryIs><innerBoundaryIs><LinearRing><coordinates>80.9441640,26.9317737 80.9445465,26.9317280 80.9446032,26.9317151 80.9446033,26.9317150 80.9447040,26.9318757 80.9447880,26.9320095 80.9446434,26.9320263 80.9445765,26.9320341 80.9445041,26.9320426 80.9444344,26.9320507 80.9443629,26.9320590 80.9442930,26.9320672 80.9442002,26.9320780 80.9441916,26.9320055 80.9441861,26.9319594 80.9441831,26.9319344 80.9441712,26.9318337 80.9441640,26.9317737</coordinates></LinearRing></innerBoundaryIs><innerBoundaryIs><LinearRing><coordinates>80.9432234,26.9317999 80.9432763,26.9322591 80.9432682,26.9322598 80.9428654,26.9322976 80.9426912,26.9323151 80.9426881,26.9322838 80.9426506,26.9318190 80.9427340,26.9318169 80.9432234,26.9317999</coordinates></LinearRing></innerBoundaryIs></Polygon></Placemark></Folder></Document></kml>
